Setting,Task,Method,Stage,Precision,Recall,F1-score,Support
Dual-source,D1_C1C4_to_C6,B8,early,0.9230769230769231,1.0,0.96,84.0
Dual-source,D1_C1C4_to_C6,B8,middle,1.0,0.9069767441860465,0.9512195121951219,129.0
Dual-source,D1_C1C4_to_C6,B8,late,0.9479166666666666,1.0,0.9732620320855615,91.0
Dual-source,D1_C1C4_to_C6,B8,macro avg,0.9569978632478633,0.9689922480620154,0.9614938480935611,304.0
Dual-source,D1_C1C4_to_C6,B8,weighted avg,0.9631542046221322,0.9605263157894737,0.9602439539241999,304.0
Dual-source,D1_C1C4_to_C6,B9,early,0.7058823529411765,1.0,0.8275862068965517,84.0
Dual-source,D1_C1C4_to_C6,B9,middle,1.0,0.5348837209302325,0.696969696969697,129.0
Dual-source,D1_C1C4_to_C6,B9,late,0.7844827586206896,1.0,0.8792270531400966,91.0
Dual-source,D1_C1C4_to_C6,B9,macro avg,0.8301217038539553,0.8449612403100776,0.8012609856687818,304.0
Dual-source,D1_C1C4_to_C6,B9,weighted avg,0.8542172653998078,0.8026315789473685,0.7876184017241779,304.0
Dual-source,D1_C1C4_to_C6,B10,early,0.7058823529411765,1.0,0.8275862068965517,84.0
Dual-source,D1_C1C4_to_C6,B10,middle,1.0,0.5116279069767442,0.676923076923077,129.0
Dual-source,D1_C1C4_to_C6,B10,late,0.7647058823529411,1.0,0.8666666666666667,91.0
Dual-source,D1_C1C4_to_C6,B10,macro avg,0.823529411764706,0.8372093023255814,0.7903919834954318,304.0
Dual-source,D1_C1C4_to_C6,B10,weighted avg,0.848297213622291,0.7927631578947368,0.7753519242403091,304.0
Dual-source,D1_C1C4_to_C6,B11,early,0.9655172413793104,1.0,0.9824561403508771,84.0
Dual-source,D1_C1C4_to_C6,B11,middle,0.9921259842519685,0.9767441860465116,0.984375,129.0
Dual-source,D1_C1C4_to_C6,B11,late,1.0,0.989010989010989,0.994475138121547,91.0
Dual-source,D1_C1C4_to_C6,B11,macro avg,0.9858810752104263,0.9885850583525002,0.9871020928241414,304.0
Dual-source,D1_C1C4_to_C6,B11,weighted avg,0.9871305929090988,0.9868421052631579,0.9868681853899159,304.0
Dual-source,D1_C1C4_to_C6,B12,early,0.9655172413793104,1.0,0.9824561403508771,84.0
Dual-source,D1_C1C4_to_C6,B12,middle,0.984375,0.9767441860465116,0.980544747081712,129.0
Dual-source,D1_C1C4_to_C6,B12,late,1.0,0.978021978021978,0.9888888888888889,91.0
Dual-source,D1_C1C4_to_C6,B12,macro avg,0.9832974137931035,0.9849220546894966,0.9839632587738261,304.0
Dual-source,D1_C1C4_to_C6,B12,weighted avg,0.9838415239337569,0.9835526315789473,0.9835706481970508,304.0
Dual-source,D2_C1C6_to_C4,B8,early,0.6412213740458015,1.0,0.7813953488372093,84.0
Dual-source,D2_C1C6_to_C4,B8,middle,0.9444444444444444,0.6439393939393939,0.7657657657657657,132.0
Dual-source,D2_C1C6_to_C4,B8,late,1.0,0.9431818181818182,0.9707602339181286,88.0
Dual-source,D2_C1C6_to_C4,B8,macro avg,0.8618886061634153,0.8623737373737375,0.8393071161737012,304.0
Dual-source,D2_C1C6_to_C4,B8,weighted avg,0.8767409937056382,0.8289473684210527,0.8294249702901381,304.0
Dual-source,D2_C1C6_to_C4,B9,early,0.6885245901639344,1.0,0.8155339805825242,84.0
Dual-source,D2_C1C6_to_C4,B9,middle,0.94,0.7121212121212122,0.8103448275862069,132.0
Dual-source,D2_C1C6_to_C4,B9,late,1.0,0.9318181818181818,0.9647058823529412,88.0
Dual-source,D2_C1C6_to_C4,B9,macro avg,0.8761748633879781,0.8813131313131314,0.8635282301738908,304.0
Dual-source,D2_C1C6_to_C4,B9,weighted avg,0.8878817946505608,0.8552631578947368,0.8564621357150335,304.0
Dual-source,D2_C1C6_to_C4,B10,early,0.6461538461538462,1.0,0.7850467289719626,84.0
Dual-source,D2_C1C6_to_C4,B10,middle,0.9885057471264368,0.6515151515151515,0.7853881278538812,132.0
Dual-source,D2_C1C6_to_C4,B10,late,1.0,0.9886363636363636,0.9942857142857143,88.0
Dual-source,D2_C1C6_to_C4,B10,macro avg,0.8782198644267609,0.8800505050505051,0.8549068570371859,304.0
Dual-source,D2_C1C6_to_C4,B10,weighted avg,0.8972357950579366,0.8453947368421053,0.8457641479194081,304.0
Dual-source,D2_C1C6_to_C4,B11,early,0.5957446808510638,1.0,0.7466666666666667,84.0
Dual-source,D2_C1C6_to_C4,B11,middle,0.9493670886075949,0.5681818181818182,0.7109004739336493,132.0
Dual-source,D2_C1C6_to_C4,B11,late,1.0,0.9545454545454546,0.9767441860465116,88.0
Dual-source,D2_C1C6_to_C4,B11,macro avg,0.8483705898195529,0.8409090909090909,0.8114371088822758,304.0
Dual-source,D2_C1C6_to_C4,B11,weighted avg,0.8663125292358285,0.7993421052631579,0.7977379964846536,304.0
Dual-source,D2_C1C6_to_C4,B12,early,0.5915492957746479,1.0,0.7433628318584071,84.0
Dual-source,D2_C1C6_to_C4,B12,middle,0.9487179487179487,0.5606060606060606,0.7047619047619048,132.0
Dual-source,D2_C1C6_to_C4,B12,late,1.0,0.9545454545454546,0.9767441860465116,88.0
Dual-source,D2_C1C6_to_C4,B12,macro avg,0.8467557481641989,0.8383838383838383,0.8082896408889412,304.0
Dual-source,D2_C1C6_to_C4,B12,weighted avg,0.8648714147231567,0.7960526315789473,0.7941596634104299,304.0
Dual-source,D3_C4C6_to_C1,B8,early,1.0,0.8285714285714286,0.90625,105.0
Dual-source,D3_C4C6_to_C1,B8,middle,0.8348623853211009,0.8198198198198198,0.8272727272727273,111.0
Dual-source,D3_C4C6_to_C1,B8,late,0.8148148148148148,1.0,0.8979591836734694,88.0
Dual-source,D3_C4C6_to_C1,B8,macro avg,0.8832257333786386,0.8827970827970827,0.8771606369820656,304.0
Dual-source,D3_C4C6_to_C1,B8,weighted avg,0.8860968041919274,0.875,0.8750129305609803,304.0
Dual-source,D3_C4C6_to_C1,B9,early,1.0,0.8095238095238095,0.8947368421052632,105.0
Dual-source,D3_C4C6_to_C1,B9,middle,0.8260869565217391,0.8558558558558559,0.8407079646017699,111.0
Dual-source,D3_C4C6_to_C1,B9,late,0.8461538461538461,1.0,0.9166666666666666,88.0
Dual-source,D3_C4C6_to_C1,B9,macro avg,0.8907469342251951,0.8884598884598884,0.8840371577912332,304.0
Dual-source,D3_C4C6_to_C1,B9,weighted avg,0.8919644428797747,0.881578947368421,0.8813572998635387,304.0
Dual-source,D3_C4C6_to_C1,B10,early,1.0,0.8095238095238095,0.8947368421052632,105.0
Dual-source,D3_C4C6_to_C1,B10,middle,0.8260869565217391,0.8558558558558559,0.8407079646017699,111.0
Dual-source,D3_C4C6_to_C1,B10,late,0.8461538461538461,1.0,0.9166666666666666,88.0
Dual-source,D3_C4C6_to_C1,B10,macro avg,0.8907469342251951,0.8884598884598884,0.8840371577912332,304.0
Dual-source,D3_C4C6_to_C1,B10,weighted avg,0.8919644428797747,0.881578947368421,0.8813572998635387,304.0
Dual-source,D3_C4C6_to_C1,B11,early,1.0,0.819047619047619,0.900523560209424,105.0
Dual-source,D3_C4C6_to_C1,B11,middle,0.819047619047619,0.7747747747747747,0.7962962962962963,111.0
Dual-source,D3_C4C6_to_C1,B11,late,0.7787610619469026,1.0,0.8756218905472637,88.0
Dual-source,D3_C4C6_to_C1,B11,macro avg,0.865936226998174,0.8646074646074645,0.8574805823509947,304.0
Dual-source,D3_C4C6_to_C1,B11,weighted avg,0.869885720939517,0.8552631578947368,0.8552585167073606,304.0
Dual-source,D3_C4C6_to_C1,B12,early,1.0,0.819047619047619,0.900523560209424,105.0
Dual-source,D3_C4C6_to_C1,B12,middle,0.8240740740740741,0.8018018018018018,0.8127853881278538,111.0
Dual-source,D3_C4C6_to_C1,B12,late,0.8,1.0,0.8888888888888888,88.0
Dual-source,D3_C4C6_to_C1,B12,macro avg,0.8746913580246914,0.8736164736164737,0.8673992790753889,304.0
Dual-source,D3_C4C6_to_C1,B12,weighted avg,0.8778691520467837,0.8651315789473685,0.8651196517315904,304.0
Single-source,S1_C1_to_C4,B8,early,0.7232142857142857,0.9642857142857143,0.826530612244898,84.0
Single-source,S1_C1_to_C4,B8,middle,0.8938053097345132,0.7651515151515151,0.8244897959183674,132.0
Single-source,S1_C1_to_C4,B8,late,1.0,0.8977272727272727,0.9461077844311377,88.0
Single-source,S1_C1_to_C4,B8,macro avg,0.8723398651495996,0.8757215007215008,0.8657093975314677,304.0
Single-source,S1_C1_to_C4,B8,weighted avg,0.877408884489986,0.8585526315789473,0.8602589128938686,304.0
Single-source,S1_C1_to_C4,B9,early,0.9852941176470589,0.7976190476190477,0.881578947368421,84.0
Single-source,S1_C1_to_C4,B9,middle,0.6875,1.0,0.8148148148148148,132.0
Single-source,S1_C1_to_C4,B9,late,1.0,0.5,0.6666666666666666,88.0
Single-source,S1_C1_to_C4,B9,macro avg,0.8909313725490197,0.7658730158730158,0.7876868096166341,304.0
Single-source,S1_C1_to_C4,B9,weighted avg,0.8602457430340557,0.7993421052631579,0.7903778085564789,304.0
Single-source,S1_C1_to_C4,B10,early,0.6885245901639344,1.0,0.8155339805825242,84.0
Single-source,S1_C1_to_C4,B10,middle,0.9690721649484536,0.7121212121212122,0.8209606986899564,132.0
Single-source,S1_C1_to_C4,B10,late,1.0,0.9659090909090909,0.9826589595375722,88.0
Single-source,S1_C1_to_C4,B10,macro avg,0.8858655850374627,0.8926767676767677,0.8730512129366842,304.0
Single-source,S1_C1_to_C4,B10,weighted avg,0.9005052346939683,0.8651315789473685,0.8662686020898441,304.0
Single-source,S1_C1_to_C4,B11,early,1.0,0.9166666666666666,0.9565217391304348,84.0
Single-source,S1_C1_to_C4,B11,middle,0.8301886792452831,1.0,0.9072164948453608,132.0
Single-source,S1_C1_to_C4,B11,late,1.0,0.7727272727272727,0.8717948717948718,88.0
Single-source,S1_C1_to_C4,B11,macro avg,0.9433962264150942,0.8964646464646465,0.9118443685902226,304.0
Single-source,S1_C1_to_C4,B11,weighted avg,0.9262661370407149,0.9111842105263158,0.9105866846200424,304.0
Single-source,S1_C1_to_C4,B12,early,1.0,0.7976190476190477,0.8874172185430463,84.0
Single-source,S1_C1_to_C4,B12,middle,0.6875,1.0,0.8148148148148148,132.0
Single-source,S1_C1_to_C4,B12,late,1.0,0.5113636363636364,0.6766917293233082,88.0
Single-source,S1_C1_to_C4,B12,macro avg,0.8958333333333334,0.7696608946608947,0.7929745875603897,304.0
Single-source,S1_C1_to_C4,B12,weighted avg,0.8643092105263158,0.8026315789473685,0.7948930068869163,304.0
Single-source,S2_C1_to_C6,B8,early,1.0,0.6904761904761905,0.8169014084507042,84.0
Single-source,S2_C1_to_C6,B8,middle,0.7166666666666667,1.0,0.8349514563106796,129.0
Single-source,S2_C1_to_C6,B8,late,1.0,0.7252747252747253,0.8407643312101911,91.0
Single-source,S2_C1_to_C6,B8,macro avg,0.9055555555555556,0.8052503052503052,0.8308723986571916,304.0
Single-source,S2_C1_to_C6,B8,weighted avg,0.8797697368421052,0.8322368421052632,0.8317039812962639,304.0
Single-source,S2_C1_to_C6,B9,early,1.0,0.8928571428571429,0.9433962264150944,84.0
Single-source,S2_C1_to_C6,B9,middle,0.7543859649122807,1.0,0.86,129.0
Single-source,S2_C1_to_C6,B9,late,1.0,0.6373626373626373,0.7785234899328859,91.0
Single-source,S2_C1_to_C6,B9,macro avg,0.9181286549707602,0.8434065934065934,0.8606399054493267,304.0
Single-source,S2_C1_to_C6,B9,weighted avg,0.8957756232686981,0.8618421052631579,0.8586543440880281,304.0
Single-source,S2_C1_to_C6,B10,early,1.0,0.8809523809523809,0.9367088607594937,84.0
Single-source,S2_C1_to_C6,B10,middle,0.832258064516129,1.0,0.9084507042253521,129.0
Single-source,S2_C1_to_C6,B10,late,1.0,0.8241758241758241,0.9036144578313253,91.0
Single-source,S2_C1_to_C6,B10,macro avg,0.9440860215053762,0.9017094017094017,0.9162580076053904,304.0
Single-source,S2_C1_to_C6,B10,weighted avg,0.9288200339558574,0.9144736842105263,0.914811186879995,304.0
Single-source,S2_C1_to_C6,B11,early,1.0,0.7261904761904762,0.8413793103448276,84.0
Single-source,S2_C1_to_C6,B11,middle,0.8402777777777778,0.937984496124031,0.8864468864468864,129.0
Single-source,S2_C1_to_C6,B11,late,0.9191919191919192,1.0,0.9578947368421052,91.0
Single-source,S2_C1_to_C6,B11,macro avg,0.9198232323232323,0.8880583241048358,0.895240311211273,304.0
Single-source,S2_C1_to_C6,B11,weighted avg,0.908033874933546,0.8980263157894737,0.8953813535304126,304.0
Single-source,S2_C1_to_C6,B12,early,1.0,0.6904761904761905,0.8169014084507042,84.0
Single-source,S2_C1_to_C6,B12,middle,0.7771084337349398,1.0,0.8745762711864407,129.0
Single-source,S2_C1_to_C6,B12,late,1.0,0.8791208791208791,0.935672514619883,91.0
Single-source,S2_C1_to_C6,B12,macro avg,0.9257028112449799,0.8565323565323565,0.8757167314190092,304.0
Single-source,S2_C1_to_C6,B12,weighted avg,0.9054177235256816,0.8782894736842105,0.8769284740898663,304.0
Single-source,S3_C4_to_C1,B8,early,1.0,0.8095238095238095,0.8947368421052632,105.0
Single-source,S3_C4_to_C1,B8,middle,0.84,0.9459459459459459,0.8898305084745762,111.0
Single-source,S3_C4_to_C1,B8,late,0.9361702127659575,1.0,0.967032967032967,88.0
Single-source,S3_C4_to_C1,B8,macro avg,0.9253900709219858,0.9184899184899185,0.9172001058709355,304.0
Single-source,S3_C4_to_C1,B8,weighted avg,0.9231019036954087,0.9144736842105263,0.9138732103968147,304.0
Single-source,S3_C4_to_C1,B9,early,0.9887640449438202,0.8380952380952381,0.9072164948453608,105.0
Single-source,S3_C4_to_C1,B9,middle,0.8454545454545455,0.8378378378378378,0.8416289592760181,111.0
Single-source,S3_C4_to_C1,B9,late,0.8380952380952381,1.0,0.9119170984455959,88.0
Single-source,S3_C4_to_C1,B9,macro avg,0.8907712761645347,0.8919776919776919,0.8869208508556583,304.0
Single-source,S3_C4_to_C1,B9,weighted avg,0.892822566503081,0.8848684210526315,0.8846291154658334,304.0
Single-source,S3_C4_to_C1,B10,early,0.9770114942528736,0.8095238095238095,0.8854166666666666,105.0
Single-source,S3_C4_to_C1,B10,middle,0.84,0.9459459459459459,0.8898305084745762,111.0
Single-source,S3_C4_to_C1,B10,late,0.9565217391304348,1.0,0.9777777777777777,88.0
Single-source,S3_C4_to_C1,B10,macro avg,0.9245110777944362,0.9184899184899185,0.9176749843063402,304.0
Single-source,S3_C4_to_C1,B10,weighted avg,0.9210530261185198,0.9144736842105263,0.9137644108063236,304.0
Single-source,S3_C4_to_C1,B11,early,1.0,0.8095238095238095,0.8947368421052632,105.0
Single-source,S3_C4_to_C1,B11,middle,0.84,0.9459459459459459,0.8898305084745762,111.0
Single-source,S3_C4_to_C1,B11,late,0.9361702127659575,1.0,0.967032967032967,88.0
Single-source,S3_C4_to_C1,B11,macro avg,0.9253900709219858,0.9184899184899185,0.9172001058709355,304.0
Single-source,S3_C4_to_C1,B11,weighted avg,0.9231019036954087,0.9144736842105263,0.9138732103968147,304.0
Single-source,S3_C4_to_C1,B12,early,1.0,0.819047619047619,0.900523560209424,105.0
Single-source,S3_C4_to_C1,B12,middle,0.8492063492063492,0.963963963963964,0.9029535864978903,111.0
Single-source,S3_C4_to_C1,B12,late,0.9565217391304348,1.0,0.9777777777777777,88.0
Single-source,S3_C4_to_C1,B12,macro avg,0.9352426961122614,0.9276705276705277,0.927084974828364,304.0
Single-source,S3_C4_to_C1,B12,weighted avg,0.9323546638334967,0.9243421052631579,0.9237739025253283,304.0
Single-source,S4_C4_to_C6,B8,early,1.0,0.9642857142857143,0.9818181818181818,84.0
Single-source,S4_C4_to_C6,B8,middle,0.9739130434782609,0.8682170542635659,0.9180327868852459,129.0
Single-source,S4_C4_to_C6,B8,late,0.8425925925925926,1.0,0.914572864321608,91.0
Single-source,S4_C4_to_C6,B8,macro avg,0.9388352120236179,0.9441675895164267,0.9381412776750119,304.0
Single-source,S4_C4_to_C6,B8,weighted avg,0.9418115412323079,0.9342105263157895,0.9346219981387838,304.0
Single-source,S4_C4_to_C6,B9,early,1.0,0.9047619047619048,0.95,84.0
Single-source,S4_C4_to_C6,B9,middle,0.9157894736842105,0.6744186046511628,0.7767857142857143,129.0
Single-source,S4_C4_to_C6,B9,late,0.6842105263157895,1.0,0.8125,91.0
Single-source,S4_C4_to_C6,B9,macro avg,0.8666666666666667,0.8597268364710224,0.8464285714285714,304.0
Single-source,S4_C4_to_C6,B9,weighted avg,0.869736842105263,0.8355263157894737,0.8353383458646616,304.0
Single-source,S4_C4_to_C6,B10,early,1.0,0.7976190476190477,0.8874172185430463,84.0
Single-source,S4_C4_to_C6,B10,middle,0.8089887640449438,0.5581395348837209,0.6605504587155964,129.0
Single-source,S4_C4_to_C6,B10,late,0.6148648648648649,1.0,0.7615062761506276,91.0
Single-source,S4_C4_to_C6,B10,macro avg,0.8079512096366029,0.7852528608342562,0.7698246511364234,304.0
Single-source,S4_C4_to_C6,B10,weighted avg,0.8036587278437515,0.756578947368421,0.75345765349222,304.0
Single-source,S4_C4_to_C6,B11,early,1.0,0.8571428571428571,0.9230769230769231,84.0
Single-source,S4_C4_to_C6,B11,middle,0.8554216867469879,0.5503875968992248,0.6698113207547169,129.0
Single-source,S4_C4_to_C6,B11,late,0.610738255033557,1.0,0.7583333333333333,91.0
Single-source,S4_C4_to_C6,B11,macro avg,0.8220533139268483,0.8025101513473606,0.7837405257216578,304.0
Single-source,S4_C4_to_C6,B11,weighted avg,0.822126903942155,0.7697368421052632,0.7662909712143202,304.0
Single-source,S4_C4_to_C6,B12,early,1.0,0.8571428571428571,0.9230769230769231,84.0
Single-source,S4_C4_to_C6,B12,middle,0.8571428571428571,0.5581395348837209,0.676056338028169,129.0
Single-source,S4_C4_to_C6,B12,late,0.6148648648648649,1.0,0.7615062761506276,91.0
Single-source,S4_C4_to_C6,B12,macro avg,0.824002574002574,0.8050941306755259,0.7868798457519066,304.0
Single-source,S4_C4_to_C6,B12,weighted avg,0.8240925370859581,0.7730263157894737,0.7698907903743502,304.0
Single-source,S5_C6_to_C1,B8,early,1.0,0.8476190476190476,0.9175257731958762,105.0
Single-source,S5_C6_to_C1,B8,middle,0.555,1.0,0.7138263665594855,111.0
Single-source,S5_C6_to_C1,B8,late,1.0,0.17045454545454544,0.2912621359223301,88.0
Single-source,S5_C6_to_C1,B8,macro avg,0.8516666666666667,0.6726911976911977,0.6408714252258972,304.0
Single-source,S5_C6_to_C1,B8,weighted avg,0.8375164473684211,0.7072368421052632,0.6618618448514308,304.0
Single-source,S5_C6_to_C1,B9,early,0.7016129032258065,0.8285714285714286,0.759825327510917,105.0
Single-source,S5_C6_to_C1,B9,middle,0.788235294117647,0.6036036036036037,0.6836734693877551,111.0
Single-source,S5_C6_to_C1,B9,late,0.9263157894736842,1.0,0.9617486338797814,88.0
Single-source,S5_C6_to_C1,B9,macro avg,0.8053879956057125,0.8107250107250108,0.8017491435928178,304.0
Single-source,S5_C6_to_C1,B9,weighted avg,0.7982870459192523,0.7960526315789473,0.7904713627371969,304.0
Single-source,S5_C6_to_C1,B10,early,1.0,0.6857142857142857,0.8135593220338984,105.0
Single-source,S5_C6_to_C1,B10,middle,0.7659574468085106,0.972972972972973,0.8571428571428571,111.0
Single-source,S5_C6_to_C1,B10,late,0.967032967032967,1.0,0.9832402234636871,88.0
Single-source,S5_C6_to_C1,B10,macro avg,0.9109968046138258,0.8862290862290862,0.8846474675468142,304.0
Single-source,S5_C6_to_C1,B10,weighted avg,0.905000584521861,0.881578947368421,0.8785912027013846,304.0
Single-source,S5_C6_to_C1,B11,early,1.0,0.8285714285714286,0.90625,105.0
Single-source,S5_C6_to_C1,B11,middle,0.8538461538461538,1.0,0.921161825726141,111.0
Single-source,S5_C6_to_C1,B11,late,1.0,0.9886363636363636,0.9942857142857143,88.0
Single-source,S5_C6_to_C1,B11,macro avg,0.9512820512820513,0.9390692640692642,0.9405658466706184,304.0
Single-source,S5_C6_to_C1,B11,weighted avg,0.9466346153846154,0.9375,0.9371788010287648,304.0
Single-source,S5_C6_to_C1,B12,early,1.0,0.8380952380952381,0.9119170984455959,105.0
Single-source,S5_C6_to_C1,B12,middle,0.8409090909090909,1.0,0.9135802469135802,111.0
Single-source,S5_C6_to_C1,B12,late,1.0,0.9545454545454546,0.9767441860465116,88.0
Single-source,S5_C6_to_C1,B12,macro avg,0.9469696969696969,0.930880230880231,0.9340805104685627,304.0
Single-source,S5_C6_to_C1,B12,weighted avg,0.9419108851674642,0.930921052631579,0.9312901023562105,304.0
Single-source,S6_C6_to_C4,B8,early,0.6268656716417911,1.0,0.7706422018348624,84.0
Single-source,S6_C6_to_C4,B8,middle,0.5125,0.6212121212121212,0.5616438356164384,132.0
Single-source,S6_C6_to_C4,B8,late,1.0,0.11363636363636363,0.20408163265306123,88.0
Single-source,S6_C6_to_C4,B8,macro avg,0.7131218905472636,0.5782828282828282,0.512122556701454,304.0
Single-source,S6_C6_to_C4,B8,weighted avg,0.6852194619010212,0.5789473684210527,0.5158885359505516,304.0
Single-source,S6_C6_to_C4,B9,early,0.711864406779661,1.0,0.8316831683168316,84.0
Single-source,S6_C6_to_C4,B9,middle,0.8849557522123894,0.7575757575757576,0.8163265306122449,132.0
Single-source,S6_C6_to_C4,B9,late,1.0,0.8295454545454546,0.906832298136646,88.0
Single-source,S6_C6_to_C4,B9,macro avg,0.8656067196640168,0.8623737373737373,0.8516139990219075,304.0
Single-source,S6_C6_to_C4,B9,weighted avg,0.8704301627023913,0.8453947368421053,0.8467688500508389,304.0
Single-source,S6_C6_to_C4,B10,early,0.6885245901639344,1.0,0.8155339805825242,84.0
Single-source,S6_C6_to_C4,B10,middle,0.8392857142857143,0.7121212121212122,0.7704918032786885,132.0
Single-source,S6_C6_to_C4,B10,late,1.0,0.7954545454545454,0.8860759493670886,88.0
Single-source,S6_C6_to_C4,B10,macro avg,0.8426034348165495,0.835858585858586,0.8240339110761004,304.0
Single-source,S6_C6_to_C4,B10,weighted avg,0.8441505916430421,0.8157894736842105,0.8163962366645483,304.0
Single-source,S6_C6_to_C4,B11,early,0.7706422018348624,1.0,0.8704663212435233,84.0
Single-source,S6_C6_to_C4,B11,middle,0.7133333333333334,0.8106060606060606,0.7588652482269503,132.0
Single-source,S6_C6_to_C4,B11,late,1.0,0.5113636363636364,0.6766917293233082,88.0
Single-source,S6_C6_to_C4,B11,macro avg,0.8279918450560654,0.7739898989898989,0.7686744329312606,304.0
Single-source,S6_C6_to_C4,B11,weighted avg,0.8121511347175279,0.7763157894736842,0.7659153155620544,304.0
Single-source,S6_C6_to_C4,B12,early,0.8484848484848485,1.0,0.9180327868852459,84.0
Single-source,S6_C6_to_C4,B12,middle,0.7048192771084337,0.8863636363636364,0.785234899328859,132.0
Single-source,S6_C6_to_C4,B12,late,1.0,0.4431818181818182,0.6141732283464567,88.0
Single-source,S6_C6_to_C4,B12,macro avg,0.8511013751977607,0.7765151515151515,0.7724803048535206,304.0
Single-source,S6_C6_to_C4,B12,weighted avg,0.8299633942468438,0.7894736842105263,0.7724112003429549,304.0
