feature,MI_stage,MI_q,Spearman_q,distribution_instability,final_score,instability_group,selected,rank,max_abs_corr_with_selected
force_sensor_y__zero_crossing_rate__rel,0.5889406185817836,1.540844354959138,0.7302607686207321,0.27616714314367563,2.2129043548507688,domain_id,True,1,0.0
force_sensor_y__dominant_freq__rel,0.6231886444317298,1.9721499726550213,0.4298984998827775,0.49351140849340047,2.104192546067467,domain_id,True,2,0.26645223447197663
force_sensor_x__spectral_rolloff95__rank,0.49409313243615327,1.533723234867105,0.6791009257182119,0.1546267179135249,2.0190255516975144,domain_id,True,3,0.32782348573607395
force_sensor_x__clearance_factor__rel,0.6051894455831341,1.3996134297705751,0.45779827962739356,0.1538085651694764,1.9268478321584572,domain_id,True,4,0.5199156931518572
force_sensor_x__impulse_factor__rel,0.5894138136835436,1.2947275842362607,0.5004273737560658,0.048347436821878066,1.9161547677973414,domain_id,False,5,
force_sensor_y__spectral_rolloff95__rel,0.5682231352780527,2.7257099517610217,0.05011569376201343,0.6720871125737514,1.895049544519915,domain_id,True,6,0.17956075211801534
force_sensor_z__spectral_rolloff95__rel,0.42425890386947973,1.8522722110066576,0.5243001073161837,0.2273553440919852,1.8618581336063507,domain_id,True,7,0.2915548481951054
force_sensor_x__crest_factor__rel,0.5571610740837734,1.1677203369402376,0.5422591583054063,0.11782246971978357,1.8526999977720648,domain_id,True,8,0.8578196347760298
force_sensor_y__zero_crossing_rate__rank,0.42133421446210817,1.149738966703048,0.7528474299905795,0.072793573712684,1.8432131811653625,domain_id,True,9,0.7907022946473509
force_sensor_y__dominant_freq__rank,0.4582498590910504,1.5236785401915234,0.5268890016712773,0.5246551934963769,1.7687965586791887,domain_id,True,10,0.7846100769725181
force_sensor_x__impulse_factor__rank,0.5038671470704601,0.8495349768630738,0.6225357080185249,0.05570252149469256,1.736843500596187,domain_id,False,11,
position_control_deviation_axis_y__dominant_freq__rel,0.5808888838128239,1.9029648235473635,0.24638030807909178,1.529340318385739,1.72434802395944,domain_id,True,12,0.20569269818503025
force_sensor_x__clearance_factor__rank,0.4922032293171712,0.8107823992178544,0.6052814535055779,0.09116477149263962,1.6831198237820688,domain_id,False,13,
force_sensor_x__crest_factor__rank,0.4642936523716892,0.8491680857022685,0.6413620599772142,0.22996941994365322,1.674695765642391,domain_id,False,14,
force_sensor_z__dominant_amp__rel,0.3597728303789276,1.083338279807994,0.7395367210868865,0.6261690683685591,1.6516892568659465,domain_id,True,15,0.6256183534105221
force_sensor_z__spectral_skewness__rank,0.36515014870303686,0.8560103394378555,0.7345084613482412,0.07676293007372245,1.6265055394125094,domain_id,True,16,0.6615256331387701
force_sensor_x__spectral_rolloff95__rel,0.5665529572383947,1.7610644411856087,0.04743259143961157,0.33806903996307824,1.5688286355176793,domain_id,True,17,0.3632306196908034
force_sensor_x__shape_factor__rel,0.41953489673062094,1.7391664230868633,0.3049194008345415,0.5513584540174862,1.5611446755503566,domain_id,True,18,0.7494920560881446
force_sensor_z__dominant_amp__rank,0.319186967646768,0.9321702346399889,0.742675702702906,0.5398827141067574,1.5427979845529507,domain_id,False,19,
force_sensor_z__spectral_skewness__rel,0.3205289590323299,0.844822101885085,0.714202820772184,0.004272963629545121,1.5377036681346867,domain_id,False,20,
force_sensor_z__spectral_kurtosis__rank,0.35369571457672255,0.7211455012366765,0.6890044231910685,0.025079942694177165,1.518258690118352,domain_id,True,21,0.867603867280081
force_sensor_x__kurtosis__rank,0.3272171416521594,0.9959086352039761,0.6651480303084657,0.49407260818695986,1.5061098131936037,domain_id,True,22,0.656848101908027
force_sensor_x__p2p__rel,0.43109561097908844,1.1613361364504677,0.38741481668784705,0.39061033551526253,1.4660815974692831,domain_id,True,23,0.8552338506328099
force_sensor_x__kurtosis__rel,0.3078978396540275,1.0280179788106918,0.6148843816853868,0.32356314030720557,1.4535956611755316,domain_id,False,24,
force_sensor_z__spectral_kurtosis__rel,0.30276158509912277,0.8664425017780641,0.5631081331425113,0.030026365224558798,1.3634724795623254,domain_id,False,25,
force_sensor_z__spectral_entropy__rel,0.2780450683350706,0.810128458339447,0.6345721985156433,0.14729227895574132,1.3629374025176098,domain_id,True,26,0.7840362984506075
force_sensor_y__mean__rel,0.291617443295364,0.9357853898327999,0.5798833302908823,0.32106161394245236,1.3588636357635828,domain_id,True,27,0.5557182890299354
force_sensor_z__spectral_entropy__rank,0.26808551564483785,0.8204012122122433,0.6184773982250862,0.008521560895507459,1.348438060082093,domain_id,False,28,
force_sensor_x__shape_factor__rank,0.3611459579627492,0.9793261625261644,0.4606296960428816,0.5662504841060872,1.3427675363065386,domain_id,False,29,
force_sensor_y__shape_factor__rel,0.2705369448847863,1.4341091882257175,0.3982326563266531,0.39585526379191655,1.3188629471322386,domain_id,True,30,0.5162863289938437
position_control_deviation_axis_x__dominant_freq__rel,0.41544865156277044,1.413922580085519,0.1591885133923594,0.298274932640687,1.3146498742131847,domain_id,True,31,0.1905133736843445
force_sensor_y__shape_factor__rank,0.2886479702692919,1.2009287535673674,0.39685767268432165,0.20562765057614904,1.2798827915104598,domain_id,False,32,
force_sensor_x__peak__rel,0.39796910612923697,0.9918065709749113,0.31558332766830094,0.47481751066534644,1.270487244655492,domain_id,False,33,
force_sensor_x__p2p__rank,0.33761157272069986,0.8981400236287533,0.43682749015756317,0.3893259920267285,1.2690023326721365,domain_id,False,34,
force_sensor_x__total_power__rel,0.376898665683602,1.3647769753284393,0.1828093403291944,0.4347603747110479,1.2447928218606674,domain_id,True,35,0.502652896575043
force_sensor_x__energy__rel,0.20586724308551996,0.9577078022031924,0.6572203076477072,1.1328939472754143,1.225879435058199,domain_id,True,36,0.5342607169905748
force_sensor_x__rms__rel,0.1874574950600627,0.9704021361909336,0.6450376066272934,1.1187174717637296,1.1902256029657947,domain_id,False,37,
force_sensor_y__spectral_rolloff95__rank,0.2954479175231144,2.2386858190518453,0.0377346612758747,1.4564759176737165,1.1881506073931059,domain_id,True,38,0.5839422588784662
force_sensor_z__mean__rel,0.26613646941351,0.7206272179295912,0.49099875961639633,0.06728191916103006,1.1753621239794745,domain_id,True,39,0.5167408024667977
force_sensor_y__energy__rel,0.3217120080565039,1.3618166551797937,0.267992048102175,1.1036885777301684,1.1737820438335913,domain_id,True,40,0.4706008454709711
force_sensor_x__abs_mean__rel,0.1947978160977193,1.0546454786783288,0.5967259953356758,1.2448086050619538,1.1720707748007937,domain_id,False,41,
force_sensor_x__spectral_rms__rel,0.3462309554606262,1.2730095906070567,0.17081448613036856,0.4758114308909336,1.1458181046401226,domain_id,False,42,
force_sensor_x__dominant_freq__rel,0.437555153498949,1.1289904976842444,0.05017540558239426,0.2823738432920515,1.1381029207423672,domain_id,True,43,0.27227535223831856
force_sensor_x__dominant_amp__rel,0.3845121670281646,1.1297257708224464,0.14211959869917418,0.40464316796881544,1.1330369968797513,domain_id,True,44,0.918576138115759
force_sensor_x__mean__rel,0.253946818470546,0.8609536638353519,0.43845418560781174,0.29587405373337916,1.1320239805261918,domain_id,True,45,0.7394334470812884
position_control_deviation_axis_x__spectral_rolloff95__rel,0.42702235947923284,1.7079373918069103,0.022553200665750693,2.097497822821142,1.1255049648410103,domain_id,True,46,0.3706801938006891
force_sensor_y__rms__rel,0.3187651509049405,1.424876965754247,0.18023786858073843,1.0395777174232295,1.110824900965088,domain_id,False,47,
force_sensor_z__p2p__rel,0.32227177520617833,0.9971493536119858,0.352798878838474,1.2562464276491017,1.110451962154747,domain_id,True,48,0.5719464112685686
force_sensor_y__spectral_entropy__rank,0.3352174353024051,1.096671887450885,0.2877203888304118,1.200703258169889,1.1082041118233332,domain_id,True,49,0.6536172819062604
position_control_deviation_axis_y__dominant_freq__rank,0.410407842873282,1.5715502300723658,0.06872679672299042,2.0459018968173304,1.10008816472551,domain_id,True,50,0.3557366421704972
position_control_deviation_axis_y__spectral_rolloff95__rel,0.2943770411079134,1.4706107992495632,0.16714823240109858,0.7987591683092695,1.099347229730211,domain_id,True,51,0.4293637644546189
position_control_deviation_axis_x__spectral_rolloff95__rank,0.3386911831854391,1.4948262267848609,0.1383136241630701,1.3161828016984893,1.0990316213055378,domain_id,True,52,0.4407291253900089
force_sensor_x__peak__rank,0.33788209509877953,0.8620382393550372,0.27962303264973537,0.4481349789923074,1.0931293136879336,domain_id,False,53,
force_sensor_z__band4_energy_ratio__rel,0.20901363336351197,0.7105654213622747,0.5001651437835091,0.05322496716880239,1.0905714921416254,domain_id,True,54,0.3984281800796251
force_sensor_z__spectral_spread__rank,0.22390836658806346,0.5235084719579848,0.5612491602799479,0.24403249006300864,1.0879105834243792,domain_id,True,55,0.7167541735460369
force_sensor_z__dominant_freq__rel,0.34995480872770957,1.1660436445865474,0.14858531997922655,0.5034333015204446,1.0875526996884108,domain_id,True,56,0.20038630374815547
force_sensor_z__kurtosis__rel,0.3553083552916074,1.0353164584640058,0.18963926714146345,0.532732309834132,1.0862966803716652,domain_id,True,57,0.6630388334426904
force_sensor_z__spectral_variance__rank,0.22224479371420647,0.5235168842297195,0.5612491602799479,0.24403249006300864,1.0852442181642064,domain_id,False,58,
force_sensor_y__spectral_entropy__rel,0.27284644903073163,1.1840609781602258,0.3076495061769592,0.958593891775376,1.0842146276715536,domain_id,False,59,
force_sensor_y__variance__rel,0.3386174870424372,1.3976542304128765,0.1506430692472654,1.244935649363913,1.0826625816314288,domain_id,False,60,
force_sensor_y__spectral_rms__rel,0.3650766525624385,1.439800475538128,0.06566005037633016,1.187096602119679,1.0613621531810713,domain_id,False,61,
force_sensor_y__abs_mean__rel,0.3280970960547238,1.390103159692119,0.13189306762214248,1.086123008405193,1.060059524988577,domain_id,False,62,
force_sensor_y__total_power__rel,0.3475427546986678,1.336694279576871,0.1298018478848783,1.2443720992870506,1.0538230010865677,domain_id,False,63,
force_sensor_z__band2_energy_ratio__rel,0.211242021425613,0.5339936354450021,0.5651104215455457,0.4790110143575045,1.0519175678061694,domain_id,True,64,0.6448759216120866
force_sensor_y__std__rel,0.34579453760594014,1.4553801958003652,0.07748498760422635,1.180735675028003,1.0485976766580793,domain_id,False,65,
force_sensor_x__rms__rank,0.19849183549351324,0.7079310982272307,0.5748761875123123,1.1955596880682882,1.0337810721691303,domain_id,False,66,
force_sensor_x__energy__rank,0.18855424948130128,0.7068153648897155,0.5748590494519796,1.1947003276060195,1.0174935304377601,domain_id,False,67,
force_sensor_z__band2_energy_ratio__rank,0.2073363916985369,0.5072025627169818,0.5379588923619986,0.3957185642300866,1.0169515109663876,domain_id,True,68,0.8839230591937965
position_control_deviation_axis_x__rms__rel,0.2881825712268187,0.7013883085986832,0.36777705362381086,0.8370374695799963,1.0038719001966283,domain_id,True,69,0.6167553795510756
force_sensor_x__spectral_rms__rank,0.3056894359286213,1.0287367166702923,0.1939864370543791,0.6382636674585306,0.9981083241896862,domain_id,False,70,
force_sensor_z__spectral_variance__rel,0.16862575791389212,0.49389462665438266,0.5779822289928862,0.31643534073390833,0.997860783062903,domain_id,True,71,0.8944300257769942
force_sensor_x__total_power__rank,0.3056526845937688,1.0272616904357652,0.19379419953743288,0.6379170394071962,0.9973501667124843,domain_id,False,72,
torque_spindle__dominant_freq__rel,0.2568110009133542,0.9562207441262918,0.2501475502980869,0.3007472664404646,0.9827978859856491,domain_id,True,73,0.07494710082643467
force_sensor_z__spectral_spread__rel,0.1641749019155505,0.47871534633097923,0.5731259890492305,0.3064552756006749,0.9812835826212486,domain_id,False,74,
force_sensor_y__dominant_amp__rel,0.357624674098981,1.4538735958273956,0.022011496039760877,1.5118664944755298,0.9786102498641206,domain_id,False,75,
position_control_deviation_axis_x__variance__rel,0.26112912599766247,0.725779102374986,0.36726776621977314,0.7880036567278333,0.9737826985086254,domain_id,False,76,
force_sensor_x__skewness__rel,0.2964889373312267,1.196584744442577,0.1521227366864598,0.9444263773999158,0.9726323699370916,domain_id,True,77,0.8872487331887512
position_control_deviation_axis_x__energy__rel,0.259788843564392,0.7207645097825401,0.3671023475819726,0.7876945935278835,0.9696566540847096,domain_id,False,78,
force_sensor_x__variance__rel,0.23332030357590372,1.2366937451362232,0.21357408571970152,0.9088286647474391,0.9509844212226161,domain_id,False,79,
position_control_deviation_axis_x__std__rel,0.25195746022552545,0.7099274734675198,0.3683666985367722,0.8373493216261286,0.9494363170478508,domain_id,False,80,
position_control_deviation_axis_x__dominant_freq__rank,0.3283177569865767,1.4406451020524909,0.019963173134005568,1.3496745494742886,0.9408152764482399,domain_id,False,81,
position_control_deviation_axis_x__abs_mean__rel,0.28080431764067826,0.6569977006644891,0.3646024261716923,1.1617582282270091,0.9402570323777136,domain_id,False,82,
force_sensor_z__band4_energy_ratio__rank,0.20916367472540442,0.4013652280520983,0.4565081265706562,0.009680662177177035,0.9379903883587293,domain_id,False,83,
force_sensor_x__std__rank,0.2592830661843806,0.975944265947934,0.24160915746680353,0.8226836597795968,0.9335387791840555,domain_id,False,84,
force_sensor_x__variance__rank,0.257942633114832,0.9762223969949932,0.24160915746680353,0.8226836597795968,0.9314899451437726,domain_id,False,85,
force_sensor_x__abs_mean__rank,0.19263463516301016,0.7502243799644743,0.4752313010212634,1.327205927307047,0.9271644159140418,domain_id,False,86,
force_sensor_z__p2p__rank,0.26902546425703777,0.7829207897294772,0.3308749311787277,1.282432171436054,0.9218449252531061,domain_id,False,87,
force_sensor_x__band1_energy_ratio__slope,0.38163804054651385,0.518135904591214,0.11507983819945752,0.009851475740949136,0.9161688075048535,domain_id,False,88,
force_sensor_x__std__rel,0.22818815215264165,1.1749206904867355,0.210136121716984,0.93059680223375,0.9144706138294691,domain_id,False,89,
force_sensor_x__band0_energy_ratio__slope,0.3789459895447693,0.520656653585212,0.11435600528598276,0.009900547606975434,0.9120455741043706,domain_id,False,90,
position_control_deviation_axis_y__band4_energy_ratio__rel,0.3004306021870935,0.9554548163447492,0.14816064079181482,0.7115431366857294,0.9096540373058261,domain_id,False,91,
force_sensor_x__skewness__rank,0.28011349714038225,0.8558596710744326,0.23453399405213496,0.980128510900043,0.9001459725386586,domain_id,False,92,
force_sensor_y__peak__rank,0.221076811341123,0.5426642910374864,0.41016901991383803,0.7264560042532462,0.8913220162782669,domain_id,False,93,
force_sensor_y__peak__rel,0.21911043548929432,0.6618685687002346,0.3690922561736494,0.7267183636274563,0.8908197141100178,domain_id,False,94,
force_sensor_y__abs_mean__rank,0.28698151668868244,0.9113554274340254,0.2229679288777745,1.2997110548616406,0.8881761059141109,domain_id,False,95,
force_sensor_y__energy__rank,0.2685852324196194,0.8742703992903986,0.2452166753491555,1.211134196889969,0.8761050655035196,domain_id,False,96,
force_sensor_y__rms__rank,0.26708394856797235,0.8799581623659116,0.24523749600870154,1.2113468752738104,0.8757834787657872,domain_id,False,97,
force_sensor_z__crest_factor__rel,0.277497256157359,0.7643556570737742,0.22267293848007677,0.7500272473462213,0.8733914312220724,domain_id,False,98,
force_sensor_z__spectral_rolloff95__rank,0.28264843520454996,1.1582907402505676,0.08663764078308997,0.9306685745247568,0.8722504159352302,domain_id,False,99,
force_sensor_x__spectral_centroid__rank,0.19973396298665436,0.6144168138153772,0.38069391945855807,0.5472132291130408,0.8717698901514914,domain_id,False,100,
force_sensor_x__dominant_freq__rank,0.22593870739332167,1.1510282565322498,0.14015113867566167,0.6470432784110843,0.8603166341788895,domain_id,False,101,
force_sensor_y__skewness__rel,0.18834222770603737,1.25275313837026,0.20979138512561443,1.1295800167669539,0.8589599798458754,domain_id,False,102,
position_control_deviation_axis_x__total_power__rel,0.2425661646323649,0.5929415174939074,0.3578472571958024,1.0667916543602238,0.8580783123275257,domain_id,False,103,
force_sensor_y__clearance_factor__rank,0.24639495343610918,0.7449721618491796,0.22162624416860374,0.320291303603834,0.8580757303545571,domain_id,False,104,
position_control_deviation_axis_x__spectral_rms__rel,0.2548374973480021,0.5769690228892732,0.3496117662703047,1.1711325578179306,0.8532901944140966,domain_id,False,105,
force_sensor_y__clearance_factor__rel,0.24557933622118733,0.7665167461827203,0.20813936348005427,0.30635792135168294,0.85257459630643,domain_id,False,106,
force_sensor_z__shape_factor__rank,0.2161768659586305,0.7108131913712814,0.31819503881141825,0.75416153298191,0.8504507632184337,domain_id,False,107,
force_sensor_z__kurtosis__rank,0.28149900002908423,0.8173621681772794,0.1493699943815281,0.5166343731989671,0.8491870243063092,domain_id,False,108,
force_sensor_y__total_power__rank,0.2993329334797137,0.888506991351945,0.1878679248460275,1.4584897730890565,0.8487120446074499,domain_id,False,109,
force_sensor_y__spectral_rms__rank,0.29806566546364666,0.8922472795170258,0.18788429123218786,1.4585914030723488,0.8480577124135731,domain_id,False,110,
force_sensor_y__spectral_centroid__rank,0.152960924210382,0.7625884448389204,0.3735800856213887,0.5240240155553751,0.846297622686429,domain_id,False,111,
force_sensor_x__spectral_centroid__rel,0.17187707403043762,0.6788982695470116,0.38664642272637156,0.6575620538005672,0.8457122250578015,domain_id,False,112,
force_sensor_x__band2_energy_ratio__rel,0.19772186349672616,0.4680773417103552,0.3786588881988946,0.21882039661714325,0.8454615546900875,domain_id,False,113,
force_sensor_z__std__rel,0.15864065023507412,0.7799283851719006,0.37433318763314133,0.6964812485643946,0.8453718730916844,domain_id,False,114,
force_sensor_z__variance__rel,0.1636041700703481,0.7640267099191975,0.3675805851713814,0.698724713487115,0.8405238095381566,domain_id,False,115,
force_sensor_y__impulse_factor__rank,0.26938813110824267,0.7103237390960411,0.18143471761078442,0.35787081081259364,0.8383231613324178,domain_id,False,116,
force_sensor_z__variance__rank,0.173335786666994,0.6972933394692453,0.37333355063146145,0.7148693319230984,0.8357908017536493,domain_id,False,117,
force_sensor_z__std__rank,0.16911345172049597,0.6956314125248282,0.37333355063146145,0.7148693319230984,0.8284053917818541,domain_id,False,118,
force_sensor_y__spectral_centroid__rel,0.1257166775322529,0.8010608416084706,0.37985708507468496,0.5227515684484324,0.8231056544583981,domain_id,False,119,
force_sensor_y__kurtosis__rank,0.2115305596668191,0.636667268722737,0.31363340605711143,0.6830255048668848,0.8182942513496557,domain_id,False,120,
position_control_deviation_axis_y__variance__rel,0.2659255316994813,0.4820055220987265,0.4786363136328791,2.682922137190628,0.8148415495394803,domain_id,False,121,
position_control_deviation_axis_y__rms__rel,0.2684565861507202,0.4785171614121335,0.47561219263927673,2.6832473713193212,0.8145660682504942,domain_id,False,122,
force_sensor_z__peak__rel,0.23865727265079872,0.9333373907980169,0.20624328860081728,1.175850547874766,0.8142996459748091,domain_id,False,123,
force_sensor_y__variance__rank,0.27837725088773246,0.877616509107702,0.188107449871698,1.4481080036381448,0.8123603701436838,domain_id,False,124,
force_sensor_x__dominant_amp__rank,0.30119625124268135,0.8357590403780519,0.07425265988675897,0.5285751625165461,0.8112417851765882,domain_id,False,125,
force_sensor_y__std__rank,0.2756082826314534,0.8849245657330367,0.188107449871698,1.4481080036381448,0.8105996872626501,domain_id,False,126,
force_sensor_y__impulse_factor__rel,0.25016931857730573,0.7490347931394146,0.17251089021471572,0.3924899295756877,0.809325141022652,domain_id,False,127,
force_sensor_z__shape_factor__rel,0.18236712550695566,0.7102780080582374,0.3283071060102283,0.7379745149459422,0.8077240075520319,domain_id,False,128,
force_sensor_x__band2_energy_ratio__rank,0.20146566954548706,0.4351236871944435,0.34903623225072977,0.24034694068650092,0.8076085408876744,domain_id,False,129,
position_control_deviation_axis_y__spectral_variance__rel,0.2542170951058049,0.9016941602966875,0.16030306886654339,0.9788049974336509,0.8013163581988209,domain_id,False,130,
position_control_deviation_axis_y__energy__rel,0.2572158830293789,0.48379447118743757,0.4786130336062742,2.6859693146586414,0.8011958273139608,domain_id,False,131,
force_sensor_x__variance__slope,0.15611392592525775,0.30319796800312204,0.43625932829372127,0.039840547264413655,0.7935807567822922,domain_id,False,132,
position_control_deviation_axis_y__band0_energy_ratio__rel,0.2359742363886117,0.7421284812101554,0.19578428049388857,0.5377206541462157,0.7928363288403647,domain_id,False,133,
position_control_deviation_axis_y__std__rel,0.25008873452191493,0.48354066262918893,0.47559617317412123,2.681520644807793,0.7870918168655734,domain_id,False,134,
force_sensor_z__band0_energy_ratio__rank,0.16195152515955602,0.4659612819552734,0.36039309073463643,0.08092297326577076,0.782739520016948,domain_id,False,135,
force_sensor_y__skewness__rank,0.18477336608394368,0.9133313120167692,0.27876164935846187,1.2844850428977723,0.7822015760182527,domain_id,False,136,
force_sensor_y__band1_energy_ratio__rank,0.16778197971348763,0.5496309011285203,0.3568865400388352,0.488700286870657,0.7787314405550042,domain_id,False,137,
force_sensor_z__zero_crossing_rate__rel,0.1500036437979997,0.6325771863579241,0.3197171358270713,0.1849884125673117,0.7736970729665976,domain_id,False,138,
position_control_deviation_axis_y__spectral_skewness__rel,0.22833986436291887,0.7867995976811342,0.25301539928558064,1.361150585074609,0.7722913227579637,domain_id,False,139,
position_control_deviation_axis_y__crest_factor__rel,0.2328790905430953,0.4140529216423907,0.4738851442602942,2.3064801787002356,0.7695714048052996,domain_id,False,140,
force_sensor_z__dominant_freq__rank,0.23465452190762393,1.0470027899921313,0.0869180333148772,0.8159181070251126,0.7660837629460897,domain_id,False,141,
force_sensor_y__dominant_amp__rank,0.29647268260852666,0.9287089721643751,0.1288980286945072,1.834862370388032,0.7624640057031111,domain_id,False,142,
position_control_deviation_axis_y__band2_energy_ratio__rel,0.19625618087554142,0.8754299747094771,0.15585835906041032,0.3621150562958655,0.7555783052071281,domain_id,False,143,
position_control_deviation_axis_y__zero_crossing_rate__rel,0.2232499031459585,0.5403872562192924,0.20617219534603692,0.06796915533360029,0.7554891634220132,domain_id,False,144,
force_sensor_x__std__slope,0.13596533199415006,0.272086188333573,0.4354177292651082,0.037556920204455516,0.7492148077105054,domain_id,False,145,
force_sensor_x__total_power__slope,0.16011953278423552,0.25537982334524356,0.40122524828399303,0.04076722623097091,0.7473296367700805,domain_id,False,146,
force_sensor_x__spectral_skewness__rel,0.19748557540297296,0.5935253901564437,0.24202589164671567,0.31146356417678334,0.745280135179162,domain_id,False,147,
force_sensor_x__zero_crossing_rate__rel,0.1605145007511608,0.6986281321195911,0.25459206909255355,0.2367796758547149,0.7445306513727751,domain_id,False,148,
force_sensor_y__spectral_spread__rel,0.1866776130346275,0.7402521798043926,0.23562776604771957,0.6327679880660212,0.7434309903685924,domain_id,False,149,
force_sensor_y__band0_energy_ratio__rel,0.16059160765097213,0.5676396758909048,0.3097617482761008,0.376708817978296,0.7378210459527627,domain_id,False,150,
force_sensor_z__spectral_rms__rel,0.1322263347673449,0.5726622815534244,0.3589381333585736,0.4514032508086852,0.7358933750226053,domain_id,False,151,
force_sensor_y__spectral_spread__rank,0.219798462727816,0.7263422664980261,0.20594673651308287,0.8958340530733646,0.7356190886680665,domain_id,False,152,
position_control_deviation_axis_y__spectral_spread__rel,0.231700794064033,0.8321510179286467,0.17019830917604978,1.1269318091756046,0.7348167276154822,domain_id,False,153,
force_sensor_y__spectral_variance__rank,0.217644961208612,0.7264843143728226,0.20594673651308287,0.8958340530733646,0.7322156123058956,domain_id,False,154,
force_sensor_z__peak__rank,0.2309487798274772,0.7719398798041479,0.19740101824353323,1.1945687278035153,0.731982033163274,domain_id,False,155,
force_sensor_y__band1_energy_ratio__rel,0.15840453139304822,0.5528914196394519,0.31470256878633274,0.40194827668390615,0.7313277116023562,domain_id,False,156,
force_sensor_y__spectral_variance__rel,0.18030222789586303,0.7348486169376249,0.23260310614995586,0.6073290787253289,0.7307235103953559,domain_id,False,157,
force_sensor_z__impulse_factor__rel,0.24926584013095843,0.7717069403235142,0.13230971869902522,0.8490808789102394,0.7305702362385369,domain_id,False,158,
torque_spindle__spectral_rolloff95__rel,0.19802894149312245,0.6257152818850531,0.1925705663804515,0.09257690150786785,0.7302895529878215,domain_id,False,159,
force_sensor_x__zero_crossing_rate__rank,0.12887223864233155,0.558770958572941,0.35571280449677917,0.38761380313936605,0.7285332542470647,domain_id,False,160,
force_sensor_y__band0_energy_ratio__rank,0.16684996387275053,0.6032183722173103,0.2838822656298613,0.4442523942340305,0.7283238907264179,domain_id,False,161,
position_control_deviation_axis_y__dominant_amp__rel,0.29404054701318905,0.6123223905949993,0.32634404956662105,3.018268470109614,0.7221354825724369,domain_id,False,162,
position_control_deviation_axis_y__total_power__rel,0.26065208541719564,0.6885451884887015,0.4479262815837399,4.009808619456879,0.7194715879871304,domain_id,False,163,
force_sensor_z__total_power__rel,0.12687186438328824,0.5626806478683228,0.3540185771372896,0.4539238689850724,0.7184670646893225,domain_id,False,164,
force_sensor_y__crest_factor__rank,0.2847488798319635,0.6051023972034688,0.08338728126000879,0.45301194986954885,0.7168355424885626,domain_id,False,165,
force_sensor_y__crest_factor__rel,0.27248378196444634,0.6585660694266986,0.07753376179213921,0.5252866360716846,0.7037349597925557,domain_id,False,166,
force_sensor_z__crest_factor__rank,0.2551569994471856,0.5408444629778133,0.16401363479263648,0.7055372498006798,0.7012666288235068,domain_id,False,167,
force_sensor_z__mean__rank,0.21324009130767818,0.6357632864351408,0.12851338789010636,0.15273953102484458,0.6883436717674595,domain_id,False,168,
force_sensor_x__band4_energy_ratio__rel,0.19424939462285007,0.4282670163071103,0.2654452824003833,0.46248618844802963,0.6878205414398726,domain_id,False,169,
force_sensor_x__energy__slope,0.13254409796470412,0.278860717803715,0.37137129586848394,0.01602699443876865,0.6843072013736853,domain_id,False,170,
position_control_deviation_axis_x__spectral_entropy__rank,0.22720304803435676,0.49517973272877924,0.28208630243422195,1.5157472235944063,0.6771133258723891,domain_id,False,171,
position_control_deviation_axis_x__band1_energy_ratio__rank,0.23153168636070154,0.4485495574637657,0.3002974517517174,1.6213196401583323,0.6746506654494939,domain_id,False,172,
force_sensor_z__total_power__rank,0.10072030746478622,0.5180455595995781,0.36979065503524383,0.47527687532585844,0.6737665751403366,domain_id,False,173,
position_control_deviation_axis_y__spectral_centroid__rel,0.1733173935383141,0.7383599318794181,0.3164624187340019,1.9230248979174032,0.6737651426837413,domain_id,False,174,
position_control_deviation_axis_y__dominant_amp__rank,0.2692952666528947,0.4013720237542011,0.19317705469518323,0.9893627951518608,0.673683597707092,domain_id,False,175,
force_sensor_z__spectral_rms__rank,0.10039899396866026,0.5154583325348057,0.3694303013702403,0.4744996036415098,0.6720182715620565,domain_id,False,176,
force_sensor_x__rms__slope,0.12860275534032928,0.24954521047688027,0.3764478617655089,0.01989886331710623,0.6719133342964528,domain_id,False,177,
position_control_deviation_axis_y__spectral_entropy__rel,0.23026692086270173,0.6611745523443493,0.2703037568758952,2.137016443697451,0.6693684139797144,domain_id,False,178,
force_sensor_z__band0_energy_ratio__rel,0.11964825802073809,0.3653970391803947,0.35531241357294496,0.11716405080544223,0.6692574881491892,domain_id,False,179,
position_control_deviation_axis_x__band3_energy_ratio__rank,0.22346232877355998,0.4455037131469095,0.3077345462764009,1.6415873280637248,0.6660048044096816,domain_id,False,180,
force_sensor_x__band2_energy_ratio__slope,0.2575826398721195,0.41072107658520807,0.10370414346126006,0.015492109091849188,0.665737963954772,domain_id,False,181,
force_sensor_y__spectral_skewness__rel,0.1963992721906469,0.6129706474607852,0.24548687304481961,1.2158052272821176,0.6641628892029084,domain_id,False,182,
force_sensor_x__abs_mean__slope,0.13446438195482524,0.27321301904645834,0.3493883601789808,0.02124084569896766,0.6628138436652433,domain_id,False,183,
position_control_deviation_axis_y__spectral_rolloff95__rank,0.24068216147081456,1.2245383435722874,0.14307493536893495,3.265677325443364,0.6533541743721986,domain_id,False,184,
force_sensor_x__band4_energy_ratio__rank,0.1902830714737065,0.37193004554007025,0.26126668433295847,0.5475501566029357,0.6481349606309432,domain_id,False,185,
force_sensor_x__spectral_skewness__rank,0.1575551300448359,0.48711636119734436,0.22553134105121977,0.20328610968747515,0.6364145284771481,domain_id,False,186,
position_control_deviation_axis_y__kurtosis__rel,0.22866357417059557,0.5513547791539772,0.4236119619821212,3.601643709560751,0.6340771241722436,domain_id,False,187,
position_control_deviation_axis_y__abs_mean__rank,0.24091367797690122,0.3707081128925993,0.199788444481185,0.9051023665106086,0.6318798133494223,domain_id,False,188,
force_sensor_z__band1_energy_ratio__rel,0.1507078576090506,0.41010715990711866,0.25118516114122796,0.1419662368837476,0.6289140663602614,domain_id,False,189,
position_control_deviation_axis_y__spectral_kurtosis__rel,0.1967206300255575,0.6654958941373126,0.20911125186076474,1.422707715818909,0.6269985064882799,domain_id,False,190,
force_sensor_x__spectral_entropy__rank,0.20920881706336436,0.5209382759791765,0.12121981199932018,0.2590857800926413,0.6218525126115086,domain_id,False,191,
position_control_deviation_axis_y__spectral_rms__rel,0.22494019197383008,0.6731976761472676,0.4187183844352009,4.0788175590575,0.6204593347488843,domain_id,False,192,
force_sensor_y__kurtosis__rel,0.17562330088785605,0.8480378544980662,0.09777501444429945,0.7106853604812191,0.6196524667725282,domain_id,False,193,
force_sensor_z__clearance_factor__rel,0.22340344893105124,0.7298123221825472,0.08462441708907235,0.9148183274752277,0.6194665117361257,domain_id,False,194,
force_sensor_z__band1_energy_ratio__slope,0.2577265124702668,0.391390139499197,0.06538899702191081,0.034327644524688845,0.6186839971234513,domain_id,False,195,
position_control_deviation_axis_x__band3_energy_ratio__rel,0.23904463385512886,0.48961914399302087,0.2779747678470153,2.238556469121109,0.6180501257610636,domain_id,False,196,
force_sensor_x__spectral_rms__slope,0.1146376533300053,0.17182717621388743,0.3750342786516066,0.03597044653541378,0.6179639884172544,domain_id,False,197,
force_sensor_y__spectral_skewness__rank,0.1757015397104904,0.5050287486294054,0.2802364435536071,1.3853413212072119,0.6092108488429157,domain_id,False,198,
force_sensor_x__band0_energy_ratio__rank,0.18191537748521514,0.4010132883539921,0.18571676561423767,0.1767114150667549,0.6067279863972268,domain_id,False,199,
position_control_deviation_axis_y__spectral_rms__rank,0.22661048307239606,0.3719989177309535,0.1936405670795246,0.8968733336665156,0.6040728228018519,domain_id,False,200,
force_sensor_y__band3_energy_ratio__rel,0.22554354222066775,0.5700500060113729,0.04857260422196203,0.1591763941127513,0.6033840740785209,domain_id,False,201,
position_control_deviation_axis_y__total_power__rank,0.22214555062727825,0.3753558971297344,0.19291232803353942,0.8965559830401877,0.5974437356561457,domain_id,False,202,
force_sensor_z__impulse_factor__rank,0.23721948213847743,0.6019412077715955,0.07197788213831217,0.8005175697436324,0.5934244284681267,domain_id,False,203,
position_control_deviation_axis_x__dominant_amp__rel,0.23767744993541062,0.5648218790546538,0.22690480338139177,2.266960969283464,0.5895647628836715,domain_id,False,204,
position_control_deviation_axis_x__spectral_kurtosis__rel,0.31026754571914283,0.8431884154422797,0.07773580482749314,3.0032390998957172,0.5858043780634277,domain_id,False,205,
force_sensor_x__spectral_entropy__rel,0.20499935249786194,0.5535260338512318,0.061840663579794945,0.11998454946549264,0.5815196795518222,domain_id,False,206,
force_sensor_y__band2_energy_ratio__rel,0.13681033267779164,0.4181616619413786,0.23253045858633484,0.29223094633383795,0.575965421699622,domain_id,False,207,
force_sensor_y__band2_energy_ratio__rank,0.1332534088405235,0.41538651260178217,0.22873582883171292,0.2005093930789629,0.5745698689055475,domain_id,False,208,
force_sensor_x__spectral_variance__slope,0.21689369017167315,0.3489335702447445,0.07848616247710735,0.005056790499403488,0.553586515245365,domain_id,False,209,
position_control_deviation_axis_y__energy__rank,0.2198166453986472,0.331974602158434,0.1975629000127728,1.2535977844844342,0.5469113770311408,domain_id,False,210,
position_control_deviation_axis_y__band1_energy_ratio__rel,0.12374327558857323,0.28178657481760316,0.38934210367765854,1.524849720554349,0.5391172382443272,domain_id,False,211,
force_sensor_x__mean__rank,0.17685912353285826,0.49260981701883555,0.11275016392541858,0.3935852704745532,0.5376931488301828,domain_id,False,212,
position_control_deviation_axis_y__std__rank,0.21532878816198808,0.3235207403722691,0.19779092512223886,1.2537541590089716,0.5368192715282623,domain_id,False,213,
force_sensor_x__spectral_kurtosis__rel,0.16542611109955008,0.6766820991184348,0.08051923951039623,0.6149638648598427,0.5326581048947838,domain_id,False,214,
position_control_deviation_axis_y__variance__rank,0.20852773742674624,0.3298920107827956,0.19779092512223886,1.2537541590089716,0.5282446423490468,domain_id,False,215,
torque_spindle__spectral_rolloff95__rank,0.19906445427820052,0.334437457424529,0.1531320023691709,0.6693599568678348,0.5282102164234153,domain_id,False,216,
position_control_deviation_axis_y__rms__rank,0.20728781616233838,0.3318449958665517,0.19747457506610872,1.2536836115130998,0.5266625463225543,domain_id,False,217,
position_control_deviation_axis_y__abs_mean__rel,0.20505121647461744,0.5894224253526197,0.40406072590785946,4.248502448876333,0.5262538035070679,domain_id,False,218,
position_control_deviation_axis_x__band1_energy_ratio__rel,0.24290758832552983,0.4959030179690149,0.21230624439491608,2.6819449667730035,0.51677425001605,domain_id,False,219,
force_sensor_z__band1_energy_ratio__rank,0.1353159334463423,0.3893964964298804,0.1601257829543116,0.03494285741382899,0.5162015730835003,domain_id,False,220,
force_sensor_y__mean__rank,0.1325759757668581,0.38431107443137424,0.2106003249384834,0.5024594990134048,0.5138996024252308,domain_id,False,221,
force_sensor_y__spectral_kurtosis__rank,0.15564976883783088,0.40187478208691996,0.2199394498858709,1.0562705202035132,0.5116125903678088,domain_id,False,222,
force_sensor_x__band0_energy_ratio__rel,0.13048009097394364,0.4130929870469977,0.1448895807161482,0.04522288029843893,0.5008809662897205,domain_id,False,223,
force_sensor_x__shape_factor__slope,0.14081507685170225,0.27533434184107985,0.17091074565863976,0.015182776535476655,0.49590825820275297,domain_id,False,224,
force_sensor_z__clearance_factor__rank,0.2141593021744388,0.5776178267395444,0.026181941489676123,0.8806623109307058,0.49372307007071303,domain_id,False,225,
force_sensor_z__band2_energy_ratio__slope,0.22609096264198736,0.33596218914336706,0.0023746870963829037,0.03419462309068773,0.4845731694250078,domain_id,False,226,
force_sensor_y__energy__slope,0.15636119887437805,0.23679392999361948,0.14639471210679159,0.029791106747482993,0.4807380394323033,domain_id,False,227,
force_sensor_x__band1_energy_ratio__rel,0.12706721151209277,0.39651578975580826,0.13102844447862141,0.03287388458666748,0.47668701502600574,domain_id,False,228,
force_sensor_y__p2p__rank,0.1714684130940045,0.5207954910958241,0.11873591543524363,1.099010867012755,0.47519204358357336,domain_id,False,229,
torque_spindle__spectral_skewness__rel,0.11269999085858595,0.2111474270232967,0.34150075758995485,1.248584141020336,0.475111621464749,domain_id,False,230,
force_sensor_x__dominant_amp__slope,0.05901504778218558,0.15022563237269715,0.3286101809186979,0.037206000110539164,0.4742329157769747,domain_id,False,231,
force_sensor_z__energy__rel,0.13047479746028934,0.8279613877958232,0.012781125772100015,0.526589544867713,0.4731572675173571,domain_id,False,232,
force_sensor_y__mean__slope,0.11430208845923584,0.1992520007763865,0.2189044828378209,0.03480423976106464,0.47147849126048635,domain_id,False,233,
force_sensor_y__spectral_kurtosis__rel,0.1388195301740709,0.5514333001810483,0.14019691343143537,0.9709359072529247,0.46825126582494,domain_id,False,234,
position_control_deviation_axis_x__p2p__rel,0.11203025179826032,0.34132289569950514,0.20297797420466462,0.44377872370732846,0.4633671596890036,domain_id,False,235,
position_control_deviation_axis_x__skewness__rel,0.18149618726057337,0.31929846152611363,0.16843899831025036,1.1928352360150702,0.45768879862358713,domain_id,False,236,
force_sensor_z__shape_factor__slope,0.08751072557087514,0.12905166180234673,0.2626462527594713,0.015237223188558845,0.44840800487028637,domain_id,False,237,
position_control_deviation_axis_y__skewness__rel,0.07043014859362917,0.1731828109704212,0.3694991672330061,0.9887408352875916,0.4471979280814089,domain_id,False,238,
position_control_deviation_axis_y__spectral_skewness__rank,0.22542753734174226,0.6534779300368245,0.013224656611713872,1.6808312773360357,0.4470844042071217,domain_id,False,239,
force_sensor_z__zero_crossing_rate__rank,0.08545839024783874,0.5547241241820271,0.1569589738139146,0.5130994242414759,0.44614536752091405,domain_id,False,240,
force_sensor_z__skewness__rank,0.138448267496053,0.5276634649152889,0.14134618696378312,1.1546384867796733,0.4418031419934189,domain_id,False,241,
force_sensor_x__zero_crossing_rate__slope,0.20635823433727318,0.24291754220791217,0.022924490674296718,0.009654641656917253,0.4417467353420981,domain_id,False,242,
force_sensor_x__spectral_spread__slope,0.1731090193389342,0.2990876871353896,0.05339782100239086,0.005384850706469576,0.43990967986844703,domain_id,False,243,
position_control_deviation_axis_y__shape_factor__rel,0.24121928912477464,0.6946212895579347,0.21494739277038052,4.2042905103668655,0.43819121621194745,domain_id,False,244,
force_sensor_z__abs_mean__rank,0.09228224794462259,0.6941041832633807,0.07862230537652852,0.43657935759459143,0.4375333395948354,domain_id,False,245,
force_sensor_z__rms__rel,0.10384444018427597,0.8315941318830475,0.012499061723225999,0.529320151723408,0.43120457750813945,domain_id,False,246,
force_sensor_x__spectral_spread__rel,0.15064672305798155,0.4524160161098738,0.0625205742333186,0.38882457994603925,0.4311216544920019,domain_id,False,247,
force_sensor_x__band1_energy_ratio__rank,0.13839512430633838,0.3428023820462469,0.09862594188380722,0.17321622446713908,0.42878282057293954,domain_id,False,248,
force_sensor_y__p2p__rel,0.1429002680943976,0.6757586218801945,0.029511322719233644,0.822898810802681,0.42447769246997746,domain_id,False,249,
force_sensor_x__spectral_variance__rel,0.14347988273074797,0.4744252012546495,0.05314993178903479,0.40129287443360623,0.4170891062497666,domain_id,False,250,
force_sensor_z__energy__rank,0.09746977374716148,0.7302066304097661,0.04669547111481798,0.5513546850086289,0.41576369685288195,domain_id,False,251,
force_sensor_z__abs_mean__rel,0.10365840464214471,0.7714921229093905,0.010541353442962705,0.44697573469799734,0.4150793384255895,domain_id,False,252,
force_sensor_z__rms__rank,0.0945670278923949,0.7319587291262319,0.046670481194110075,0.5513860806523037,0.4117208275886316,domain_id,False,253,
position_control_deviation_axis_y__band3_energy_ratio__rel,0.09203205616080257,0.2723292173387257,0.3396592861152629,1.909363122127119,0.39682234339642697,domain_id,False,254,
force_sensor_x__mean__slope,0.08460682673292785,0.20450284242657402,0.18794647859314217,0.02500726970444926,0.3957720764816599,domain_id,False,255,
force_sensor_z__spectral_centroid__rank,0.07808830569464464,0.5000299297978059,0.09014577769637946,0.027477294932622822,0.39574381010299736,domain_id,False,256,
force_sensor_z__spectral_centroid__rel,0.1154396167838363,0.5600974639358549,0.016790914325663212,0.1818766081389797,0.38901237365597735,domain_id,False,257,
force_sensor_x__band3_energy_ratio__slope,0.14284963462685596,0.3121988717617108,0.04581270517197321,0.005350092107267942,0.3885849619501507,domain_id,False,258,
position_control_deviation_axis_y__clearance_factor__rel,0.2585006037816102,0.6549520736438992,0.17510968593017995,4.480302847270008,0.3840623164742033,domain_id,False,259,
force_sensor_y__band3_energy_ratio__rank,0.15849321396642946,0.3934817417523009,0.008455874885056391,0.27182291576800865,0.3796555021965212,domain_id,False,260,
force_sensor_z__band0_energy_ratio__slope,0.15630468791384278,0.33636675143747974,0.007135961344773272,0.03252989709822591,0.3776659842736221,domain_id,False,261,
force_sensor_x__spectral_centroid__slope,0.14399787665825392,0.20035658732323025,0.07221174781885187,0.005231114189116452,0.375784801019448,domain_id,False,262,
force_sensor_y__total_power__slope,0.14949874719787326,0.2050897670736438,0.062359747257519596,0.042945683000157116,0.37274495171853916,domain_id,False,263,
force_sensor_x__spectral_spread__rank,0.16876692487309786,0.34237440009755105,0.02264226103586008,0.47282741165578773,0.3715699033143093,domain_id,False,264,
force_sensor_x__spectral_variance__rank,0.16760592989221634,0.3424275615071064,0.02264226103586008,0.47282741165578773,0.3697264258598655,domain_id,False,265,
position_control_deviation_axis_x__spectral_entropy__rel,0.2658939083213563,0.5970283231223612,0.09900145465314963,3.804793288363252,0.3657622094678804,domain_id,False,266,
position_control_deviation_axis_y__total_power__slope,0.14726801697166292,0.21638591897431558,0.06858187722196306,0.21175329811991583,0.3627393390520462,domain_id,False,267,
position_control_deviation_axis_y__spectral_kurtosis__rank,0.17382729781639994,0.6477632828557462,0.022165234295318914,1.7740451024305124,0.36185314582662675,domain_id,False,268,
position_control_deviation_axis_x__peak__rel,0.15873130389529533,0.38437703390054256,0.07083456456656674,1.0497997795221776,0.3616734257763195,domain_id,False,269,
force_sensor_y__band0_energy_ratio__slope,0.10218528670297977,0.21213430268661648,0.1216167995148102,0.045184201833899845,0.35844353758539566,domain_id,False,270,
force_sensor_x__spectral_rolloff95__slope,0.15778898015395493,0.144610397456856,0.049747156393333145,0.004724028646892458,0.3550379964617605,domain_id,False,271,
force_sensor_z__skewness__rel,0.09726060662900582,0.48372750628907113,0.1284095344264568,1.0796832826432103,0.35410454383797935,domain_id,False,272,
force_sensor_y__variance__slope,0.1253767836293458,0.2024648074520794,0.08240986464102645,0.04034256300269012,0.35338319596942697,domain_id,False,273,
force_sensor_y__spectral_centroid__slope,0.06619231350116817,0.15448996269812865,0.18592615889635206,0.02067887386936814,0.34627547130852365,domain_id,False,274,
force_sensor_z__spectral_kurtosis__slope,0.10003070957281768,0.1973950702729681,0.11531167079131187,0.019981376677163338,0.3457782101521057,domain_id,False,275,
force_sensor_y__band1_energy_ratio__slope,0.0937000737174507,0.2038420656082538,0.12561077855185185,0.04530405472590346,0.3457659874797982,domain_id,False,276,
position_control_deviation_axis_x__rms__rank,0.2565909510689508,0.5892648161762013,0.1069595424746869,4.000292733849515,0.3364923718122766,domain_id,False,277,
position_control_deviation_axis_y__impulse_factor__rel,0.21334024503940885,0.5336899706625733,0.2645046680563213,4.699829678845901,0.33463874913992325,domain_id,False,278,
force_sensor_y__rms__slope,0.0951846514413699,0.1485225419968108,0.12901964681018793,0.018154324174351862,0.3339522563361822,domain_id,False,279,
force_sensor_z__zero_crossing_rate__slope,0.13007551923542326,0.1952528567849896,0.05456557322897738,0.00898980446436154,0.3335507474624909,domain_id,False,280,
position_control_deviation_axis_y__spectral_centroid__rank,0.15228592325126145,0.5615911335453494,0.08088543030484552,1.9899549575483095,0.3328952108818887,domain_id,False,281,
position_control_deviation_axis_x__kurtosis__rel,0.05790088928873649,0.3581258030450041,0.15104676578124468,0.43145780550301466,0.3319708322338817,domain_id,False,282,
force_sensor_z__energy__slope,0.09002557193871197,0.12582130997730046,0.13853781547957433,0.0036035732952676225,0.32830669271622104,domain_id,False,283,
torque_spindle__energy__rank,0.09951679587354256,0.2272357528249347,0.2008505955214273,1.2561532516830587,0.3184594759952894,domain_id,False,284,
position_control_deviation_axis_x__variance__rank,0.24563918699428933,0.5825256171179931,0.10696747515544663,4.000067961411041,0.3164751779037043,domain_id,False,285,
position_control_deviation_axis_x__energy__rank,0.24362830687907966,0.590185945445473,0.1069864736026506,4.000326542758956,0.3160535409862122,domain_id,False,286,
force_sensor_x__spectral_kurtosis__rank,0.11136571555411168,0.4836839721194215,0.05579195444535718,0.9777412614695012,0.31424694866402214,domain_id,False,287,
force_sensor_x__band3_energy_ratio__rel,0.11138869335464463,0.39946693456327065,0.027538699485828814,0.38743077405622856,0.3138471906501116,domain_id,False,288,
force_sensor_z__rms__slope,0.08353580702059982,0.11772525399596923,0.13738328942357986,0.009676403861968398,0.31316238516813727,domain_id,False,289,
position_control_deviation_axis_x__mean__rel,0.11024319450816833,0.21420999135341168,0.11363207222325541,0.5693816165444802,0.3119985427471955,domain_id,False,290,
position_control_deviation_axis_y__spectral_variance__rank,0.195965581023966,0.7186266919500972,0.18888630672339007,4.575357530107134,0.3114079309259402,domain_id,False,291,
position_control_deviation_axis_x__std__rank,0.2406705487405758,0.5843913371603686,0.10696747515544663,4.000067961411041,0.30918709333113426,domain_id,False,292,
torque_spindle__abs_mean__rank,0.08829800572475133,0.23960662199392724,0.20051087487067676,1.2608607677372097,0.30419010059863905,domain_id,False,293,
position_control_deviation_axis_x__spectral_spread__rel,0.21511194600673766,0.5606533463551342,0.03937703973789212,2.9058592600681945,0.3007332418787913,domain_id,False,294,
force_sensor_z__variance__slope,0.0832739552753452,0.11418229987524864,0.12556652486776504,0.002534683218617411,0.3003354684637152,domain_id,False,295,
force_sensor_z__mean__slope,0.1387408284852858,0.16635418469984753,0.01779630168818004,0.022524896917344862,0.2987319276532176,domain_id,False,296,
torque_spindle__rms__rank,0.08330035875236197,0.24064060671855358,0.20110629084952888,1.2530473804998141,0.2979229334263594,domain_id,False,297,
position_control_deviation_axis_y__spectral_spread__rank,0.18626904568420444,0.712198844231922,0.18888630672339007,4.575357530107134,0.2934889319234778,domain_id,False,298,
force_sensor_x__band4_energy_ratio__slope,0.11752091048677116,0.2791977205250409,0.00041224523843784086,0.006381344030790925,0.2903245312484,domain_id,False,299,
force_sensor_z__spectral_centroid__slope,0.10231442000027036,0.19174762125603184,0.05574131954861719,0.010513465325665182,0.2887413870053229,domain_id,False,300,
force_sensor_y__band4_energy_ratio__rank,0.0675042265628909,0.19847040958903772,0.13120469418847344,0.23464069701322218,0.2885158974189231,domain_id,False,301,
torque_spindle__dominant_freq__rank,0.13044768654035077,0.6199306094308734,0.15272272838646672,3.0274018710325565,0.2878888307350129,domain_id,False,302,
force_sensor_x__kurtosis__slope,0.04177721694644543,0.144698177981764,0.16716751878458425,0.0034355984189699137,0.28646042640870706,domain_id,False,303,
force_sensor_x__spectral_kurtosis__slope,0.09851627788508899,0.17839597553747488,0.06429822556811461,0.018110640736140268,0.28554681724268827,domain_id,False,304,
position_control_deviation_axis_y__spectral_kurtosis__slope,0.12894379980702864,0.21693058635804618,0.0008451146127199452,0.024324809494084852,0.2844457683019123,domain_id,False,305,
torque_spindle__peak__rank,0.10284039267024392,0.19691624901035176,0.18669795384443774,1.4238398202115763,0.28182766077666566,domain_id,False,306,
torque_spindle__band0_energy_ratio__rank,0.08981774496834904,0.17530456673702588,0.2114950580983472,1.4126079404607914,0.2789124971351102,domain_id,False,307,
force_sensor_z__total_power__slope,0.07400628461434522,0.14077687063398958,0.10715768548214927,0.0010344524019523266,0.2769664928283024,domain_id,False,308,
position_control_deviation_axis_x__spectral_variance__rel,0.2057115902147757,0.5170361346596626,0.03384287855461392,2.8328074449560527,0.27137228510699307,domain_id,False,309,
position_control_deviation_axis_x__abs_mean__rank,0.2640928295467353,0.6013009842806536,0.07178545522883666,4.498452696402321,0.2682124052382984,domain_id,False,310,
position_control_deviation_axis_y__band0_energy_ratio__rank,0.1620012489034266,0.4984609745589106,0.029832056511480635,2.0611205801851535,0.2671783110282374,domain_id,False,311,
position_control_deviation_axis_x__zero_crossing_rate__rank,0.11160050790114462,0.3343501834312841,0.13436954824094985,1.7280407336790546,0.2637386908532756,domain_id,False,312,
force_sensor_z__std__slope,0.060223150579532536,0.12993018515731158,0.1184808619584666,0.008206058010306445,0.261477597886112,domain_id,False,313,
force_sensor_y__band4_energy_ratio__rel,0.030834148498978253,0.17176340692990344,0.16329463137549327,0.15685389097208505,0.25969892070167105,domain_id,False,314,
position_control_deviation_axis_x__spectral_centroid__rank,0.08543832371282889,0.3556995847311155,0.17362216895189828,1.8253767361849196,0.2591628586798792,domain_id,False,315,
torque_spindle__std__rank,0.08799592095095954,0.15464206328343844,0.18251488989009784,1.2408675923546366,0.25651084037888316,domain_id,False,316,
position_control_deviation_axis_x__crest_factor__rel,0.05841343214518946,0.2432109775858451,0.15931454264354244,0.8640068463916668,0.25584543725765396,domain_id,False,317,
force_sensor_y__abs_mean__slope,0.054643460825597234,0.13573801129586904,0.11957116608038801,0.013051579242664074,0.25526422875439836,domain_id,False,318,
position_control_deviation_axis_y__spectral_entropy__rank,0.23195761389159064,0.5597303690572502,0.25562584052702086,5.857838464560155,0.24998276052294888,domain_id,False,319,
force_sensor_z__spectral_rms__slope,0.06246274495137083,0.13207380278818803,0.09677603945601834,0.0065328577673466285,0.24431985857256253,domain_id,False,320,
position_control_deviation_axis_y__zero_crossing_rate__rank,0.16021153839117508,0.5389864251451284,0.15713666461908513,3.692118399039527,0.24421890918256867,domain_id,False,321,
torque_spindle__spectral_skewness__rank,0.09576467110021558,0.1993509921406651,0.23556481212717878,2.196569349962389,0.2433554447933982,domain_id,False,322,
force_sensor_y__std__slope,0.07073561929342387,0.13602474403882514,0.0761043320959684,0.03261989736219375,0.2357780871241172,domain_id,False,323,
position_control_deviation_axis_x__impulse_factor__rel,0.03825137894976405,0.2459318239228141,0.13203373339690874,0.49225407027261175,0.23419592924040064,domain_id,False,324,
position_control_deviation_axis_y__crest_factor__rank,0.22399598162999568,0.34046418874981477,0.37442950722913076,6.284595156539849,0.2330675476565489,domain_id,False,325,
force_sensor_y__spectral_rms__slope,0.08103219292159491,0.13404834835021262,0.05698971688492528,0.03521150806040158,0.23220256667364325,domain_id,False,326,
torque_spindle__variance__rank,0.0683888237500967,0.16924556568922755,0.18251488989009784,1.2408675923546366,0.23040875918378745,domain_id,False,327,
position_control_deviation_axis_x__total_power__rank,0.2473964592772535,0.5855819559929509,0.06827502285908275,4.5216618189044935,0.22983113121499538,domain_id,False,328,
force_sensor_z__skewness__slope,0.03741968124011663,0.1968005496367442,0.0979384759060012,0.002568203618798846,0.22945039921104377,domain_id,False,329,
force_sensor_z__spectral_skewness__slope,0.055629059375872814,0.08278754821220069,0.1103249529153574,0.005157988174045582,0.22894854202089565,domain_id,False,330,
force_sensor_y__spectral_kurtosis__slope,0.06823618675086274,0.19234793272920658,0.0510951413810268,0.01815257842601014,0.2288718934284917,domain_id,False,331,
force_sensor_z__spectral_entropy__slope,0.07076679552824094,0.15089778980391877,0.06061539787073697,0.010093466347946953,0.2280397290149974,domain_id,False,332,
position_control_deviation_axis_x__spectral_rms__rank,0.24602671596721626,0.5852145019723736,0.06823772746579901,4.521460323738378,0.2274810430866787,domain_id,False,333,
position_control_deviation_axis_y__peak__rel,0.09106744517124832,0.15057211888841238,0.055260017504747135,0.2913872413178396,0.22715438550942615,domain_id,False,334,
force_sensor_z__spectral_variance__slope,0.08110382287602347,0.2009877996551621,0.022231748295153616,0.013685874475789719,0.2242723579445426,domain_id,False,335,
force_sensor_x__band3_energy_ratio__rank,0.09534673357364953,0.29931056147432766,0.01127480527085039,0.5067165133889447,0.22320977934785657,domain_id,False,336,
force_sensor_y__peak__slope,0.10065175179462194,0.07935035484930975,0.03150820159948441,0.003932713142453849,0.22123770227639822,domain_id,False,337,
position_control_deviation_axis_y__band2_energy_ratio__rank,0.14359605901411232,0.7186991972917034,0.1374378899438526,4.127324956816641,0.2205260291074867,domain_id,False,338,
torque_spindle__spectral_variance__rank,0.0806481625513289,0.1325094924733934,0.1967489496326972,1.5528390101496914,0.21979220574596,domain_id,False,339,
position_control_deviation_axis_y__dominant_amp__slope,0.0723060536674125,0.1721656995179055,0.061532844670570165,0.21715821367627705,0.21863305095157431,domain_id,False,340,
position_control_deviation_axis_x__spectral_spread__rank,0.08103942231551331,0.3282279707304405,0.1421818121266723,1.7696538734585845,0.21612374810549795,domain_id,False,341,
torque_spindle__skewness__rank,0.0675402798673157,0.15583592827897697,0.1771195014984537,1.2988369013550947,0.2129621677977407,domain_id,False,342,
torque_spindle__p2p__rank,0.08596733853588834,0.13527584462641018,0.19589477765901045,1.7171966545200106,0.21213697444671414,domain_id,False,343,
force_sensor_z__band4_energy_ratio__slope,0.06894365474072961,0.21499256757466734,0.019238757068187784,0.004581344505630914,0.20781303699948667,domain_id,False,344,
force_sensor_y__dominant_amp__slope,0.07413810365891993,0.13722604269664984,0.0438995778815161,0.05077592423390827,0.2076677479756072,domain_id,False,345,
torque_spindle__spectral_spread__rank,0.07250619544640369,0.1276885824201699,0.1967489496326972,1.5528390101496914,0.20495759867037874,domain_id,False,346,
position_control_deviation_axis_x__spectral_variance__rank,0.07397351990430989,0.32285895407722176,0.1421818121266723,1.7696538734585845,0.20281465720076192,domain_id,False,347,
torque_spindle__total_power__rank,0.07662693060000114,0.15286034306409668,0.1948618863869966,1.7356410892425707,0.20073564103105265,domain_id,False,348,
position_control_deviation_axis_x__band3_energy_ratio__slope,0.07556060684299348,0.1603239723608718,0.021235172440890186,0.006696786608343723,0.20014986746589242,domain_id,False,349,
torque_spindle__band4_energy_ratio__rel,0.03456506189673392,0.08952280790385858,0.1917405050237908,0.8036540951835829,0.1995937889833731,domain_id,False,350,
force_sensor_z__kurtosis__slope,0.04409888447417254,0.09982975786032,0.09306053862777425,0.012792599548806008,0.1986782861681133,domain_id,False,351,
position_control_deviation_axis_x__kurtosis__slope,0.08071750083359053,0.13949817375368045,0.01314131159695369,0.0010446974714630169,0.19324888952375233,domain_id,False,352,
position_control_deviation_axis_x__clearance_factor__rel,0.01116830940176472,0.2596062891663733,0.1123069331054701,0.3195279085984953,0.19321420192605973,domain_id,False,353,
position_control_deviation_axis_x__band1_energy_ratio__slope,0.08767356958249994,0.134533151430428,0.004529967244869021,0.010771780135996464,0.1930093650411929,domain_id,False,354,
position_control_deviation_axis_x__band2_energy_ratio__rank,0.08553133283975156,0.3540536519787012,0.12239772597378434,1.9773940523167501,0.19235931952537402,domain_id,False,355,
torque_spindle__spectral_rms__rank,0.07269798685589968,0.14260277491348816,0.19473047948809996,1.7234058263960057,0.1917517258360272,domain_id,False,356,
force_sensor_y__spectral_spread__slope,0.04312838351360959,0.15076486092970232,0.06919172135622534,0.04768989017294267,0.1884768040807563,domain_id,False,357,
force_sensor_y__spectral_variance__slope,0.033629158885522425,0.20601508424986692,0.0645104833271222,0.05556770898926399,0.1880493792318314,domain_id,False,358,
torque_spindle__kurtosis__rank,0.06065834230600897,0.12405080688136305,0.18805831128120623,1.4314711001396032,0.1879948626380457,domain_id,False,359,
position_control_deviation_axis_y__band4_energy_ratio__slope,0.08441311190565282,0.13360783015335542,0.001149483557340708,0.004963897963395313,0.18463515680144507,domain_id,False,360,
position_control_deviation_axis_x__spectral_skewness__rel,0.16046012088368133,0.5395863915237773,0.03157165276999822,3.037675955950957,0.1843833779560885,domain_id,False,361,
torque_spindle__band2_energy_ratio__rel,0.06907228789059938,0.16618817795879925,0.19703382133172725,1.8758591200590222,0.18172695001817527,domain_id,False,362,
force_sensor_x__spectral_entropy__slope,0.07601827753325208,0.13603387873201545,0.008118613531802068,0.014328219974591942,0.1780923778474335,domain_id,False,363,
force_sensor_y__zero_crossing_rate__slope,0.05293652941116922,0.11725192790181538,0.05086943281568122,0.009427887451844136,0.17739836361691458,domain_id,False,364,
force_sensor_z__abs_mean__slope,0.03756613911566831,0.10687963289605662,0.0784461694030999,0.005707241040575034,0.17687383831848538,domain_id,False,365,
position_control_deviation_axis_y__clearance_factor__slope,0.07389816780982916,0.11428313236318965,0.02507205846045821,0.12362594931115199,0.17278580277171637,domain_id,False,366,
position_control_deviation_axis_x__energy__slope,0.06639563995386788,0.11137887660967838,0.026284849602307536,0.007412543512318902,0.17245565472336497,domain_id,False,367,
force_sensor_y__p2p__slope,0.08631845981293518,0.07677470981495826,0.00427644637114022,0.006616425460712444,0.1697935868542454,domain_id,False,368,
position_control_deviation_axis_x__band0_energy_ratio__rel,0.14393527132471506,0.4918161524450926,0.04499160421339434,2.9089510843802997,0.16655867602557406,domain_id,False,369,
force_sensor_z__band3_energy_ratio__slope,0.0574311255989155,0.20277891661523118,0.0015175742101893363,0.02664770191057972,0.16493966645925134,domain_id,False,370,
force_sensor_x__peak__slope,0.04401525563063258,0.0767058831787919,0.06321867692776911,0.011460449718063717,0.16034676253213695,domain_id,False,371,
position_control_deviation_axis_y__spectral_skewness__slope,0.07983659592185632,0.0868336350911818,0.00355673554754442,0.029624041941206887,0.16007602138898255,domain_id,False,372,
force_sensor_z__p2p__slope,0.07017743866678527,0.07325128617107612,0.022989906622967318,0.019370706753930832,0.16004409628107116,domain_id,False,373,
force_sensor_y__spectral_entropy__slope,0.02326807397348829,0.09000401101580824,0.0875683629629234,0.05051756997372541,0.152399984701525,domain_id,False,374,
position_control_deviation_axis_x__peak__slope,0.07173597216300931,0.09393503772431044,0.002861040126016859,0.0024940764126244043,0.1516874989381361,domain_id,False,375,
force_sensor_y__shape_factor__slope,0.0479009201530487,0.14912227789964216,0.021063636667459234,0.005561876718199914,0.15159534428743002,domain_id,False,376,
position_control_deviation_axis_y__spectral_rolloff95__slope,0.06756916779921629,0.10760547141567267,0.002195598563647248,2.161313903569008e-05,0.1495997371223861,domain_id,False,377,
position_control_deviation_axis_y__spectral_variance__slope,0.06098040313400177,0.08337464151019836,0.021673207406128263,0.0037805397921038524,0.14923637765257564,domain_id,False,378,
force_sensor_z__band3_energy_ratio__rank,0.07183875607936985,0.24658584646181492,0.012044679682028702,0.6912660604519788,0.1485432801591008,domain_id,False,379,
force_sensor_z__peak__slope,0.06040590668083312,0.06450829423799576,0.029516821244958216,0.016382353811083047,0.14797916707445286,domain_id,False,380,
force_sensor_x__p2p__slope,0.03562120498829846,0.05950146757140473,0.06806904150113147,0.018405760613478577,0.14472145490167007,domain_id,False,381,
position_control_deviation_axis_x__spectral_kurtosis__slope,0.050646639400467874,0.1252880748484584,0.02212939310499031,0.04297138560667892,0.14459641503460757,domain_id,False,382,
force_sensor_y__kurtosis__slope,0.03977160174839667,0.1576780220346241,0.0228845714741567,0.006716921733169126,0.1433971766012541,domain_id,False,383,
position_control_deviation_axis_y__spectral_rms__slope,0.0372920340424272,0.10306746118673349,0.06678405523050354,0.22842824842155396,0.14121408602386,domain_id,False,384,
position_control_deviation_axis_y__p2p__rel,0.04774201987859139,0.09855764823484403,0.03116335035955401,0.02650899700230927,0.14079546616048141,domain_id,False,385,
force_sensor_z__clearance_factor__slope,0.03472896572439321,0.04412320830273675,0.06985512539707282,0.013849373012697263,0.13988427533204584,domain_id,False,386,
force_sensor_y__spectral_skewness__slope,0.039799262017951476,0.09434638576975463,0.042833806081916656,0.026416406109270315,0.1381839691538816,domain_id,False,387,
force_sensor_z__band3_energy_ratio__rel,0.036501627380275625,0.25242013229615345,0.04224553214270601,0.5632948435961318,0.13691379531491987,domain_id,False,388,
torque_spindle__zero_crossing_rate__rel,0.051397945040094095,0.1647448064819006,0.15347797529014587,1.6136629128344129,0.13536600166494112,domain_id,False,389,
position_control_deviation_axis_y__band2_energy_ratio__slope,0.041694998809080897,0.095516872835129,0.028364962044252918,0.02290015202632885,0.12753659842112167,domain_id,False,390,
force_sensor_x__spectral_skewness__slope,0.05904881230264447,0.0848604320657751,0.0020798295122980907,0.009261985685097325,0.12654350747050697,domain_id,False,391,
force_sensor_z__spectral_spread__slope,0.03986125777836902,0.13611389595583656,0.013905235806139124,0.013281755378303712,0.12599310277797285,domain_id,False,392,
position_control_deviation_axis_x__band2_energy_ratio__slope,0.055945506584742066,0.08947207600363027,0.0038326458159482707,0.013498766694725568,0.12458786643896903,domain_id,False,393,
position_control_deviation_axis_x__band2_energy_ratio__rel,0.07651062408953013,0.42914760129318674,0.05830831185764578,2.1464078076297306,0.1245441521995447,domain_id,False,394,
force_sensor_z__dominant_amp__slope,0.028249179910661226,0.07051756648689445,0.051578414561671705,0.005388224105647238,0.12174005837673758,domain_id,False,395,
position_control_deviation_axis_y__skewness__rank,0.12674787438006296,0.226813189444262,0.3202104467789456,4.8835742842778975,0.12046909506161974,domain_id,False,396,
position_control_deviation_axis_x__shape_factor__rank,0.07265534555053033,0.33116129014572593,0.13600668210051944,2.5620632429034993,0.11873515780544258,domain_id,False,397,
torque_spindle__spectral_centroid__rel,0.12836970207721055,0.2409720716383852,0.12730008002364382,3.0519457848912444,0.1175868490522301,domain_id,False,398,
position_control_deviation_axis_x__band4_energy_ratio__slope,0.03825081341803993,0.10872120118084139,0.016511500071879907,0.01297760205986226,0.1159904832492359,domain_id,False,399,
position_control_deviation_axis_y__band4_energy_ratio__rank,0.117909284008195,0.6616777641343274,0.09330766979236679,4.118216247162734,0.11515307129993452,domain_id,False,400,
position_control_deviation_axis_x__spectral_centroid__slope,0.048799987985343574,0.09308842706417764,0.004318887023213113,0.014420694445306248,0.11484376658964364,domain_id,False,401,
position_control_deviation_axis_y__shape_factor__slope,0.03765807132704668,0.06830969004062926,0.043880671981684875,0.14466179470741122,0.11447355750804819,domain_id,False,402,
position_control_deviation_axis_y__spectral_centroid__slope,0.035201725229325076,0.07239284859429551,0.035215569548229526,0.049548186923540426,0.11282850543275895,domain_id,False,403,
position_control_deviation_axis_x__zero_crossing_rate__rel,0.12308328337230101,0.3832824083657398,0.011982482216328676,2.3904301184391086,0.11183784775459951,domain_id,False,404,
position_control_deviation_axis_x__shape_factor__rel,0.03929415063496622,0.3312043030334495,0.03748162650989276,1.1295475214784845,0.10921357134940564,domain_id,False,405,
position_control_deviation_axis_y__kurtosis__rank,0.26234964686105666,0.3958422092981788,0.37527010591672894,8.366068083074632,0.10869441854909412,domain_id,False,406,
position_control_deviation_axis_y__impulse_factor__slope,0.04012955671828422,0.05866906773534053,0.03462090231887715,0.11817536295170333,0.10827603820776283,domain_id,False,407,
torque_spindle__energy__slope,0.01916128053657795,0.04801379830650099,0.06745015657920689,0.08399350718665789,0.10694808989069589,domain_id,False,408,
position_control_deviation_axis_y__kurtosis__slope,0.03918608132765988,0.05041989414679371,0.03453340440175115,0.0866611485646346,0.10678193954190865,domain_id,False,409,
position_control_deviation_axis_x__spectral_entropy__slope,0.04827436792693529,0.08402567611892087,0.0006346304673023772,0.025082738302519718,0.10592867538760223,domain_id,False,410,
position_control_deviation_axis_y__mean__rel,0.01641698814033532,0.04247385963399486,0.09818770294122636,0.35835756144292175,0.10395204736970001,domain_id,False,411,
force_sensor_z__impulse_factor__slope,0.02476154682756193,0.027885239613048007,0.054171883205297734,0.012534943612510379,0.10237716522217764,domain_id,False,412,
force_sensor_x__skewness__slope,0.03157408176064269,0.12360897673254279,0.008419984933219736,0.015893378177851882,0.10235986219459597,domain_id,False,413,
torque_spindle__abs_mean__slope,0.005026135631446937,0.05996943481280903,0.07408266839166663,0.08005591731999145,0.09567889873989514,domain_id,False,414,
position_control_deviation_axis_x__spectral_centroid__rel,0.10398397320393493,0.4525339665434762,0.020506819537601275,2.5884670333701294,0.09543174277426109,domain_id,False,415,
force_sensor_z__spectral_rolloff95__slope,0.04191052051927513,0.07729381560567417,7.38551171148975e-05,0.0017433167221971738,0.09500714260568319,domain_id,False,416,
position_control_deviation_axis_y__shape_factor__rank,0.28349706191291446,0.5422748213664179,0.36839061579820487,9.336499762957649,0.09295158242617207,domain_id,False,417,
position_control_deviation_axis_x__band0_energy_ratio__slope,0.03276819378675655,0.0822406693857225,0.01213784192802407,0.016310981036843232,0.09276738025313817,domain_id,False,418,
position_control_deviation_axis_y__zero_crossing_rate__slope,0.0402958083290339,0.07643497581621173,0.0009516688909450377,0.01811474301944118,0.09134986581241354,domain_id,False,419,
position_control_deviation_axis_x__crest_factor__slope,0.0430631579906402,0.05930354391793857,0.0010098511910106701,0.0033963144301203626,0.0910246345866377,domain_id,False,420,
position_control_deviation_axis_y__band1_energy_ratio__rank,0.11879072448845762,0.27280756703676,0.29770456692666025,5.014861149543788,0.08901606298275239,domain_id,False,421,
torque_spindle__mean__slope,0.0,0.06810000238259084,0.0708060741338748,0.07980280543463349,0.08734675509399467,domain_id,False,422,
torque_spindle__clearance_factor__rel,0.06377685343927952,0.11376117695492516,0.16538424034569582,2.2488687765960527,0.08522517993311307,domain_id,False,423,
force_sensor_y__skewness__slope,0.00025889706581239125,0.053430151507178,0.06671770694491816,0.011726072697333407,0.08506195714973805,domain_id,False,424,
position_control_deviation_axis_x__shape_factor__slope,0.026401709239739724,0.07763472697795137,0.01343647206819145,0.0032952706377863657,0.08345427058844725,domain_id,False,425,
position_control_deviation_axis_x__total_power__slope,0.029936173152359524,0.06093772933787056,0.0108968580997667,0.002081741533115913,0.08057805960332215,domain_id,False,426,
torque_spindle__impulse_factor__rel,0.05903025825207231,0.13520751523317864,0.16193439198697937,2.2694601870766946,0.07998230377895801,domain_id,False,427,
torque_spindle__rms__slope,0.003786835198830385,0.04792727032579114,0.06494788038724694,0.08377317896544666,0.0797653604414546,domain_id,False,428,
torque_spindle__shape_factor__rel,0.08664757067113715,0.1638252955491457,0.1269407970227372,2.4744004487399702,0.0794200048249547,domain_id,False,429,
force_sensor_z__crest_factor__slope,0.02549373883008932,0.023975871745514077,0.027440515573334764,0.010952955766722,0.0755431031855834,domain_id,False,430,
position_control_deviation_axis_x__p2p__slope,0.03109392560981683,0.06996668509668735,0.00011157681393242827,0.0014195912681590369,0.07503067180373175,domain_id,False,431,
position_control_deviation_axis_x__dominant_amp__slope,0.03138332555454082,0.04715415894043318,0.008130584634214285,0.010469581205741903,0.07423996690259517,domain_id,False,432,
force_sensor_y__spectral_rolloff95__slope,0.022781617894788386,0.09097547743109646,0.003157227560054737,0.027680311543578476,0.06983692503987488,domain_id,False,433,
position_control_deviation_axis_x__skewness__slope,0.02341525959086188,0.08231689639655482,0.001847735392259557,0.0024889598634714877,0.06887221360694201,domain_id,False,434,
torque_spindle__crest_factor__rel,0.04503152565290236,0.12442490035350984,0.1683354916950473,2.1886242192756202,0.06800474807962825,domain_id,False,435,
position_control_deviation_axis_x__spectral_rolloff95__slope,0.022002105097844726,0.08281265410456506,0.0027207002266126886,0.012537003347272972,0.06665985730845159,domain_id,False,436,
position_control_deviation_axis_x__impulse_factor__slope,0.030022622185483572,0.043005846348408205,0.002750239707073907,0.002487690865610308,0.06594757842323307,domain_id,False,437,
position_control_deviation_axis_y__skewness__slope,0.02636386586771744,0.042638509386097034,0.008666831925545898,0.0017827653216171743,0.06592844109770762,domain_id,False,438,
torque_spindle__spectral_skewness__slope,0.024055416410704744,0.03179089888056463,0.014418254773627305,0.010889550059403529,0.06308778124433294,domain_id,False,439,
force_sensor_y__dominant_freq__slope,0.024865436372727867,0.04936196441073415,0.00729300585018109,0.02134359897173423,0.06267201119367874,domain_id,False,440,
torque_spindle__dominant_amp__slope,0.018337674285545003,0.034215874485577835,0.017379219649096188,0.0023204176377960442,0.05861643714693405,domain_id,False,441,
force_sensor_x__clearance_factor__slope,0.007198556058845007,0.06241414443200366,0.02432478318429614,0.009162192032079533,0.057357564840266155,domain_id,False,442,
torque_spindle__dominant_amp__rel,0.009047075645761016,0.03482032699758664,0.03305643015266528,0.032424636070116544,0.0566122943197728,domain_id,False,443,
torque_spindle__spectral_rms__rel,0.08119138423911476,0.1330985443013155,0.1417519150745562,2.658470573972459,0.0558839812192532,domain_id,False,444,
position_control_deviation_axis_y__band1_energy_ratio__slope,0.018278942078270743,0.02240073049094171,0.018772896070225736,0.008470180260560822,0.054967085266413675,domain_id,False,445,
torque_spindle__spectral_spread__slope,0.0149716067424297,0.044161763678412846,0.018909629348940662,0.04196617140644714,0.05445193936348164,domain_id,False,446,
position_control_deviation_axis_y__spectral_spread__slope,0.0131296468330655,0.048291985705760876,0.016241690149092488,0.003549263092129424,0.054166456305112236,domain_id,False,447,
position_control_deviation_axis_x__dominant_amp__rank,0.24320158211277065,0.5851782505246717,0.04490587431134678,5.991561120425176,0.05334245778560731,domain_id,False,448,
position_control_deviation_axis_y__energy__slope,0.009867888497257393,0.04028277076205633,0.028031254937380557,0.05050157791691092,0.05311084579179077,domain_id,False,449,
force_sensor_x__crest_factor__slope,0.011141270768129541,0.027336084500427127,0.02470169024298039,0.002030208668433427,0.05189472656338856,domain_id,False,450,
position_control_deviation_axis_y__peak__slope,0.022752496256702504,0.012488725502520559,0.005773410028739796,0.0017220149846331116,0.04617909814094693,domain_id,False,451,
torque_spindle__spectral_kurtosis__slope,0.011588481594601241,0.06491827225854374,0.007073799537052957,0.0414160513112485,0.044861128459805645,domain_id,False,452,
torque_spindle__shape_factor__slope,0.0002948155213537973,0.04411900096869514,0.03054748884815369,0.019632666864026736,0.04474493750628311,domain_id,False,453,
force_sensor_z__dominant_freq__slope,0.014755791696745124,0.043147980996444346,0.0067537547453717225,0.011096080552832182,0.044648891235117845,domain_id,False,454,
force_sensor_y__clearance_factor__slope,0.015281238353196613,0.044306746838893574,0.004820379592062387,0.004979731076154941,0.04459253314021359,domain_id,False,455,
torque_spindle__band4_energy_ratio__slope,0.003981157595769336,0.04745563142499254,0.0195404850216654,0.007231003815733903,0.04211182943358656,domain_id,False,456,
torque_spindle__clearance_factor__slope,0.01378555408537041,0.046050659288716655,0.004288646541490673,0.01784215761777305,0.04102120095308758,domain_id,False,457,
torque_spindle__zero_crossing_rate__slope,0.011476954649531468,0.028540123337539303,0.013453752332555498,0.01107080683649477,0.040727958886914266,domain_id,False,458,
torque_spindle__dominant_freq__slope,0.017213904907075195,0.03146403243485185,0.002981184403234795,0.010080834313105632,0.04063295292016716,domain_id,False,459,
position_control_deviation_axis_y__band0_energy_ratio__slope,0.012277462893232727,0.04390942992967739,0.005543561946523025,0.0176205584673488,0.03909223006493527,domain_id,False,460,
position_control_deviation_axis_x__dominant_freq__slope,0.01422713271942655,0.028236502697031707,0.00575626550340183,1.1582168785625267e-06,0.038433415225305814,domain_id,False,461,
position_control_deviation_axis_x__spectral_rms__slope,0.009229865376442437,0.03221608143178356,0.00924292431157907,0.0010368036685396887,0.03525894052908001,domain_id,False,462,
position_control_deviation_axis_y__crest_factor__slope,0.0,0.05145890174957035,0.020087457235612113,0.033217618169875215,0.03515449803627066,domain_id,False,463,
position_control_deviation_axis_y__band3_energy_ratio__slope,0.006825461980777714,0.03413015276790121,0.012711614329057663,0.011172822913861272,0.03456356419654777,domain_id,False,464,
position_control_deviation_axis_y__dominant_freq__slope,0.021919750303963204,0.004324748041228066,0.0003823467863453708,0.020762301676319293,0.03456073032690599,domain_id,False,465,
force_sensor_x__impulse_factor__slope,0.008273814948029923,0.037497133983459996,0.00862932316856234,0.006188058484425805,0.034537213137055205,domain_id,False,466,
torque_spindle__band3_energy_ratio__rel,0.00573278858424997,0.10813904674888253,0.009606258163968689,0.23937395558062716,0.034167351629161125,domain_id,False,467,
position_control_deviation_axis_x__spectral_variance__slope,0.008225733596707752,0.030311481706304377,0.011071527644253155,0.027274870683643107,0.03216672756276209,domain_id,False,468,
torque_spindle__spectral_variance__slope,0.001104944568590227,0.03768120430704602,0.01904827862667261,0.04235488007223139,0.029921972082537437,domain_id,False,469,
torque_spindle__band0_energy_ratio__rel,0.12102219807085035,0.1986531688796327,0.10424027758373218,3.446598867538795,0.02793904759968069,domain_id,False,470,
torque_spindle__spectral_entropy__slope,0.0020704345778144173,0.028889851224659147,0.01483084828852949,0.00692828393321448,0.027551389564849673,domain_id,False,471,
force_sensor_y__crest_factor__slope,0.004236361489859064,0.04376586498126844,0.005543933970537552,0.006041675213703054,0.027288727497677388,domain_id,False,472,
torque_spindle__spectral_rolloff95__slope,0.006574653204802772,0.042468986218639815,0.0009808142886843449,0.0003482447713609566,0.026568146416773398,domain_id,False,473,
position_control_deviation_axis_x__clearance_factor__slope,0.006528412684748908,0.03890041630532304,0.0016699128300387885,0.002293244142713112,0.025679634582559924,domain_id,False,474,
position_control_deviation_axis_x__spectral_spread__slope,0.00448270986368593,0.023739859658549634,0.011843237779719882,0.03138647264465688,0.02411090703985579,domain_id,False,475,
torque_spindle__total_power__rel,0.06675171013880377,0.12143197609342238,0.14047589025647061,2.689204820499681,0.024097172982735227,domain_id,False,476,
torque_spindle__std__slope,0.0,0.04327168088674904,0.016533821145232518,0.0938259351300313,0.022565695637583545,domain_id,False,477,
torque_spindle__band3_energy_ratio__slope,0.0,0.03163047840920363,0.01182258688215139,0.005773435360287583,0.02234169258365796,domain_id,False,478,
torque_spindle__peak__slope,0.0,0.03536923726517038,0.013897431841485583,0.04045745860002733,0.022338203624413917,domain_id,False,479,
force_sensor_y__impulse_factor__slope,0.0056473920251844945,0.02149960659530059,0.006059650084251567,0.00491935901228955,0.02200711365972606,domain_id,False,480,
position_control_deviation_axis_x__skewness__rank,0.15761443344703063,0.260856321744412,0.12687457453661755,4.560679876988072,0.02128406930324811,domain_id,False,481,
torque_spindle__variance__slope,0.0,0.03740563965975818,0.01703151602004021,0.09399192653972516,0.020893648205780817,domain_id,False,482,
torque_spindle__kurtosis__slope,0.008613171251087515,0.015265562018620393,0.004452750703100576,0.0390425840247259,0.01947603022031288,domain_id,False,483,
position_control_deviation_axis_y__spectral_entropy__slope,0.003520438640684631,0.04437726891276261,0.001852874288566864,0.0413722673255668,0.0191582533186661,domain_id,False,484,
position_control_deviation_axis_x__zero_crossing_rate__slope,0.0,0.04894299062112806,0.0025744504985517214,0.013669872457396341,0.018662786162523627,domain_id,False,485,
torque_spindle__spectral_rms__slope,0.005977193700829275,0.031494795112331,0.0006386682371255814,0.03336765400631608,0.017953932261548945,domain_id,False,486,
torque_spindle__total_power__slope,0.0,0.04615424374792676,0.004576699490492932,0.033406319481123416,0.01767780361617249,domain_id,False,487,
torque_spindle__mean__rel,0.10292775153896594,0.2797609291661436,0.09572349972642197,3.484268183164334,0.016411242901057776,domain_id,False,488,
torque_spindle__spectral_centroid__slope,0.00012577728334806082,0.037293969428869644,0.004828893580025058,0.03995383908740435,0.014228103872300904,domain_id,False,489,
position_control_deviation_axis_y__p2p__slope,0.0,0.02998675437849796,0.003096662362408298,0.0004226695204483583,0.013544758624829994,domain_id,False,490,
torque_spindle__band1_energy_ratio__slope,0.0,0.02812430302280955,0.0075566443076484765,0.03858501819304486,0.013524331430613094,domain_id,False,491,
position_control_deviation_axis_x__spectral_skewness__slope,0.0,0.03763437410791681,0.002308048958155411,0.026567892467334875,0.0129621473579999,domain_id,False,492,
force_sensor_x__dominant_freq__slope,0.006266636687843441,0.001408746608605238,0.0015360582277100783,0.004415324459158118,0.011152655592450496,domain_id,False,493,
torque_spindle__p2p__slope,0.0,0.027578450665053822,0.0037005214036587696,0.028297295362399406,0.010491368110840373,domain_id,False,494,
torque_spindle__band2_energy_ratio__slope,0.0,0.021572785903344105,0.0035662603163657152,0.016539529323301477,0.009322406136849667,domain_id,False,495,
torque_spindle__impulse_factor__slope,0.0,0.029721536668236848,0.00046712072353096476,0.018429471463696116,0.009026370823897518,domain_id,False,496,
torque_spindle__crest_factor__slope,0.0,0.02236696826771789,0.0020891428306381832,0.017485015839618385,0.008042740187754843,domain_id,False,497,
torque_spindle__band0_energy_ratio__slope,0.0,0.02974232933647425,0.00011818333644143977,0.04546837450026426,0.005994969965344326,domain_id,False,498,
torque_spindle__skewness__slope,0.0,0.03245496220455202,0.000667889681157668,0.06484694112743489,0.005612423026057067,domain_id,False,499,
torque_spindle__abs_mean__rel,0.09553081685927456,0.2791493441122572,0.09561229235317321,3.488544724853602,0.0037805753977401824,domain_id,False,500,
torque_spindle__spectral_entropy__rel,0.011443439575473668,0.0889262331620162,0.030272434006187166,0.9088285846035523,-0.009659180317046018,domain_id,False,501,
torque_spindle__peak__rel,0.07844265474073886,0.2331111125015295,0.09739792056843682,3.2763521358753818,-0.017642418759774126,domain_id,False,502,
position_control_deviation_axis_x__band4_energy_ratio__rel,0.05479380508829301,0.41076217694789197,0.00048348974257531594,2.7049100981779373,-0.03044254662581966,domain_id,False,503,
torque_spindle__band1_energy_ratio__rel,0.06671843768026853,0.1291102557098065,0.10168514763285542,2.886709817503177,-0.031578258102204326,domain_id,False,504,
position_control_deviation_axis_x__p2p__rank,0.12487511987227973,0.3222352001305939,0.0252560714729854,3.7760105063648925,-0.03227283524239055,domain_id,False,505,
torque_spindle__p2p__rel,0.06233582498841761,0.1365488450697261,0.11098757340653011,2.948920480466035,-0.032767264480242975,domain_id,False,506,
torque_spindle__rms__rel,0.07306616824810486,0.291963119553206,0.09371384612804581,3.525946496946011,-0.033183368272133196,domain_id,False,507,
position_control_deviation_axis_x__kurtosis__rank,0.041564415945904765,0.31931604599669683,0.1647052822522717,3.835755544727952,-0.0335237386907305,domain_id,False,508,
torque_spindle__energy__rel,0.0786282785203607,0.2608933746775999,0.09578984766746275,3.545329308555886,-0.03551518182805996,domain_id,False,509,
torque_spindle__kurtosis__rel,0.09591790835557568,0.12926962153172505,0.08022403000888528,3.3267061363483013,-0.04990108854609382,domain_id,False,510,
position_control_deviation_axis_y__peak__rank,0.06900032181704274,0.15506796567012682,0.0818705130347985,3.0115730670530882,-0.050625680551899754,domain_id,False,511,
position_control_deviation_axis_y__clearance_factor__rank,0.23886990510946693,0.4741563174593941,0.36205341935336044,9.900410725408328,-0.06610403744720461,domain_id,False,512,
position_control_deviation_axis_y__band3_energy_ratio__rank,0.0860530233824972,0.2459839189431796,0.2617236284504127,5.718087168354245,-0.07930734545910978,domain_id,False,513,
position_control_deviation_axis_y__impulse_factor__rank,0.24531042315798013,0.4395363202348528,0.35954646283484987,10.051280143103973,-0.08599403022151653,domain_id,False,514,
torque_spindle__spectral_variance__rel,0.08069084088338196,0.13296662632771827,0.06628297820273116,3.4474120985813284,-0.09892823072648571,domain_id,False,515,
position_control_deviation_axis_x__impulse_factor__rank,0.03297555277391773,0.23658834097974601,0.15307578445362915,3.9354273166933007,-0.09921826575556703,domain_id,False,516,
position_control_deviation_axis_x__peak__rank,0.12415122800584344,0.3229262746283492,0.015570967515752219,4.360805038446417,-0.10104696870947322,domain_id,False,517,
torque_spindle__spectral_spread__rel,0.07861124502201311,0.14230719023712224,0.06414294464610266,3.4725898606785512,-0.10348161099698044,domain_id,False,518,
torque_spindle__spectral_entropy__rank,0.026198333488021586,0.09916754464933186,0.1097543397576151,2.9909964897819994,-0.10989610565042063,domain_id,False,519,
position_control_deviation_axis_x__mean__rank,0.11045884481663126,0.21065438997090924,0.019578349057691995,3.884543590370561,-0.11283916840178504,domain_id,False,520,
torque_spindle__spectral_kurtosis__rel,0.07379959637502087,0.17118608420215198,0.06795226197205995,3.694016266436005,-0.11882250532767613,domain_id,False,521,
position_control_deviation_axis_x__clearance_factor__rank,0.01245275110971722,0.2277507384883215,0.14772117993559614,3.730962390791304,-0.12040660402203907,domain_id,False,522,
torque_spindle__skewness__rel,0.06672527292577035,0.18825506630853717,0.06489140300506584,3.707495330190537,-0.12831075765992278,domain_id,False,523,
torque_spindle__std__rel,0.09786607576164319,0.21756056439500027,0.051002979671484865,4.411072301643486,-0.15147075555420247,domain_id,False,524,
position_control_deviation_axis_x__crest_factor__rank,0.03410488818429025,0.21057117242056878,0.1529807076810948,4.407961186618605,-0.15406350025673138,domain_id,False,525,
position_control_deviation_axis_y__p2p__rank,0.010529108388540376,0.07026788782656102,0.10634502519470095,3.131228248241058,-0.16300878312302236,domain_id,False,526,
torque_spindle__variance__rel,0.07199299773470025,0.21721727357369947,0.05502001644680884,4.372520199603775,-0.185261436284443,domain_id,False,527,
position_control_deviation_axis_y__mean__rank,0.0,0.053038422656370265,0.06175594353999799,2.8263698026443604,-0.2004874518589392,domain_id,False,528,
torque_spindle__band3_energy_ratio__rank,0.014480155304895437,0.1437552392902166,0.07036784616705485,3.5600716969995103,-0.20833671999998288,domain_id,False,529,
torque_spindle__dominant_amp__rank,0.014831335135439883,0.04837247474724027,0.09008636400495557,3.4475668486332918,-0.21187342118923919,domain_id,False,530,
position_control_deviation_axis_x__spectral_kurtosis__rank,0.09512754903548482,0.4009100784742352,0.077145907234592,6.8689874693497295,-0.3069582753856934,domain_id,False,531,
torque_spindle__band4_energy_ratio__rank,0.017044129796169205,0.11306632729043864,0.02965424092047691,4.216520497248006,-0.3215108940675466,domain_id,False,532,
position_control_deviation_axis_x__spectral_skewness__rank,0.10306767643854364,0.48483732239593147,0.05524563498684224,7.306671775651783,-0.32885566477084016,domain_id,False,533,
position_control_deviation_axis_x__band0_energy_ratio__rank,0.12009182819860875,0.5158890639782934,0.03422403014830871,7.665731232505238,-0.3468841607097047,domain_id,False,534,
position_control_deviation_axis_x__band4_energy_ratio__rank,0.08183678821840723,0.5066023485035709,0.06150404205416613,7.722092449832325,-0.39000633054467887,domain_id,False,535,
torque_spindle__zero_crossing_rate__rank,0.026673805038809784,0.13971231362142156,0.022207266597384596,5.2411431087235565,-0.40566427854613907,domain_id,False,536,
torque_spindle__band2_energy_ratio__rank,0.07138147890963342,0.19130005871401012,0.00045070949731072026,6.1107856700320005,-0.42326509103945065,domain_id,False,537,
torque_spindle__crest_factor__rank,0.06326731268462105,0.14237145821346653,0.00978077389747314,6.112692088714332,-0.44510515255916805,domain_id,False,538,
torque_spindle__clearance_factor__rank,0.040105381533408035,0.12968233079217795,0.006547981850484999,6.206848326378214,-0.49953009280484784,domain_id,False,539,
torque_spindle__impulse_factor__rank,0.03868027043877009,0.14234008614710403,0.006953832490547075,6.235113610680182,-0.4995769163777068,domain_id,False,540,
torque_spindle__spectral_centroid__rank,0.10353885917391326,0.2217116293693273,0.019311626212226856,7.895680121285876,-0.519218583260649,domain_id,False,541,
torque_spindle__shape_factor__rank,0.053501970258523324,0.18070486915764583,0.0023042637775026616,6.858088584242998,-0.528340077507825,domain_id,False,542,
torque_spindle__mean__rank,0.09487674161968807,0.30790696170943965,0.0031171397437184177,8.031641734213718,-0.5312001104748608,domain_id,False,543,
torque_spindle__band1_energy_ratio__rank,0.06307984761546082,0.17500945910549648,0.011484942554278864,7.715522902260889,-0.5911868387598432,domain_id,False,544,
torque_spindle__spectral_kurtosis__rank,0.09643964061386257,0.17757877589763105,0.0001368984142697121,9.245356050141957,-0.700263796480641,domain_id,False,545,
