dataset,task,group,channel_set,seed,Acc,Macro_F1,E_F1,M_F1,L_F1,M_Pre,M_Rec,stages_present,M_to_E,M_to_L,n_middle_true,Rev,Jump,Smooth,q_MAE,q_RMSE,q_R2,Spearman,Pearson,q_Smooth,Method,kind,variant,oracle_wear_reference
mendeley,D2-M,cross_machine_dual,primary,42,0.7553616866593966,0.7259039777347094,0.9177718832891246,0.7696532784071404,0.4902867715078631,0.6294216732172937,0.9902826855123676,"early,middle,late",0.0,0.0097173144876325,1132,28,0,0.0178873910856049,0.0881670416340194,0.1332843773566909,0.5123891212975931,0.8710080869466097,0.7573179432246901,0.0033016442938055,A1,ablation,raw,
mendeley,D2-M,cross_machine_dual,primary,42,0.6306797528171574,0.5137792542357321,0.8510938602681722,0.6902439024390243,0.0,0.527001862197393,1.0,"early,middle,late",0.0,0.0,1132,4,0,0.0108634191736536,0.0881670416340194,0.1332843773566909,0.5123891212975931,0.8710080869466097,0.7573179432246901,0.0033016442938055,A2,ablation,raw_fine,
mendeley,D2-M,cross_machine_dual,primary,42,0.648854961832061,0.530393669325083,0.8902522154055896,0.7009287925696595,0.0,0.5395614871306006,1.0,"early,middle,late",0.0,0.0,1132,4,0,0.0154459382699424,0.0881670416340194,0.1332843773566909,0.5123891212975931,0.8710080869466097,0.7573179432246901,0.0033016442938055,A3,ablation,raw_prior,
mendeley,D2-M,cross_machine_dual,primary,42,0.6459469283896765,0.5277880910136836,0.884167237834133,0.6991970352069179,0.0,0.5375118708452041,1.0,"early,middle,late",0.0,0.0,1132,2,0,0.0140268743194292,0.0881670416340194,0.1332843773566909,0.5123891212975931,0.8710080869466097,0.7573179432246901,0.0033016442938055,A4,ablation,mix,
mendeley,D2-M,cross_machine_dual,primary,42,0.6466739367502726,0.5284413004847642,0.8856947296372347,0.6996291718170581,0.0,0.5380228136882129,1.0,"early,middle,late",0.0,0.0,1132,1,0,0.0052732997789815,0.0881670416340194,0.1332843773566909,0.5123891212975931,0.8710080869466097,0.7573179432246901,0.0033016442938055,A5,ablation,ordered,
mendeley,D2-M,cross_machine_dual,primary,42,0.6466739367502726,0.5284413004847642,0.8856947296372347,0.6996291718170581,0.0,0.5380228136882129,1.0,"early,middle,late",0.0,0.0,1132,1,0,0.0093839581577366,0.0881670416340194,0.1332843773566909,0.5123891212975931,0.8710080869466097,0.7573179432246901,0.0033016442938055,A6,ablation,final,
mendeley,D2-M,cross_machine_dual,primary,42,0.7553616866593966,0.7259039777347094,0.9177718832891246,0.7696532784071404,0.4902867715078631,0.6294216732172937,0.9902826855123676,"early,middle,late",0.0,0.0097173144876325,1132,28,0,0.0178873910856049,0.0881670416340194,0.1332843773566909,0.5123891212975931,0.8710080869466097,0.7573179432246901,0.0033016442938055,B11,baseline,raw,
mendeley,D2-M,cross_machine_dual,primary,42,0.6466739367502726,0.5284413004847642,0.8856947296372347,0.6996291718170581,0.0,0.5380228136882129,1.0,"early,middle,late",0.0,0.0,1132,1,0,0.0093839581577366,0.0881670416340194,0.1332843773566909,0.5123891212975931,0.8710080869466097,0.7573179432246901,0.0033016442938055,B12,proposed,final,
mendeley,D2-M,cross_machine_dual,primary,42,0.7797164667393675,0.7853504478058869,0.926829268292683,0.7052401746724891,0.7239819004524887,0.9228571428571428,0.5706713780918727,"early,middle,late",0.019434628975265017,0.4098939929328622,1132,29,9,0.03621508633726939,,,,,,,B7,baseline,b7,
mendeley,D2-M,cross_machine_dual,primary,42,0.6608505997818975,0.5408739359217609,0.9150066401062417,0.7076151676590411,0.0,0.5483244293346284,0.9973498233215548,"early,middle,late",0.00265017667844523,0.0,1132,9,0,0.034890522979985475,,,,,,,B8,baseline,b8,
mendeley,D2-M,cross_machine_dual,primary,42,0.7237368229734642,0.7190031961439818,0.844397238449283,0.5887240356083087,0.7238883143743536,0.8969258589511754,0.4381625441696113,"early,middle,late",0.18286219081272084,0.3789752650176678,1132,52,9,0.03362397889618855,,,,,,,B9,baseline,b9,
mendeley,D2-M,cross_machine_dual,primary,42,0.5779716466739367,0.4606209515300425,0.7950859950859951,0.5867768595041323,0.0,0.5104575163398692,0.6899293286219081,"early,middle,late",0.31007067137809186,0.0,1132,18,0,0.016444821875905714,,,,,,,B10,baseline,b10,
mendeley,D2-M,cross_machine_dual,primary,42,0.9123954925481643,0.9108384626176146,0.9819059107358263,0.9014314928425358,0.8491779842744818,0.8392993145468393,0.9734982332155477,"early,middle,late",0.026501766784452298,0.0,1132,0,0,0.004366812227074236,,,,,,,B1,baseline,b1,True
mendeley,D2-M,cross_machine_dual,primary,42,0.5107233733187931,0.5036918440733981,0.5818815331010453,0.3410029498525074,0.5881910492666416,0.5133214920071048,0.25530035335689044,"early,middle,late",0.0,0.7446996466431095,1132,131,42,0.18850072780203783,,,,,,,B2,baseline,b2,False
mendeley,D2-M,cross_machine_dual,primary,42,0.8135223555070883,0.8118603711089526,0.750575594781274,0.8069251035001882,0.8780804150453956,0.7029508196721311,0.9469964664310954,"early,middle,late",0.0,0.053003533568904596,1132,63,0,0.056868025230470645,,,,,,,B3,baseline,b3,False
mendeley,D2-M,cross_machine_dual,primary,42,0.757179207560887,0.7569090771152819,0.7671840354767184,0.7540695116586009,0.7494736842105263,0.7510955302366346,0.7570671378091873,"early,middle,late",0.16696113074204946,0.07597173144876325,1132,127,30,0.1568792685923439,,,,,,,B4,baseline,b4,False
mendeley,D2-M,cross_machine_dual,primary,42,0.7666303162486369,0.7516844708240381,0.5977605512489234,0.7772380291464261,0.8800548320767649,0.64,0.9893992932862191,"early,middle,late",0.0,0.01060070671378092,1132,66,0,0.054157569141193594,,,,,,,B5,baseline,b5,False
mendeley,D2-M,cross_machine_dual,primary,42,0.6695747001090513,0.6814005632047836,0.7722473604826546,0.5589519650655022,0.7130023640661939,0.620021528525296,0.508833922261484,"early,middle,late",0.0,0.4911660777385159,1132,106,0,0.13211790360843248,,,,,,,B6,baseline,b6,False
