condition,run_id_end,true_stage,pred_B1,prob_E_B1,prob_M_B1,prob_L_B1,pred_B2,prob_E_B2,prob_M_B2,prob_L_B2,pred_B3,prob_E_B3,prob_M_B3,prob_L_B3,pred_B4,prob_E_B4,prob_M_B4,prob_L_B4,pred_B5,prob_E_B5,prob_M_B5,prob_L_B5,pred_B6,prob_E_B6,prob_M_B6,prob_L_B6,pred_B7,prob_E_B7,prob_M_B7,prob_L_B7,pred_B8,prob_E_B8,prob_M_B8,prob_L_B8,pred_B9,prob_E_B9,prob_M_B9,prob_L_B9,pred_B10,prob_E_B10,prob_M_B10,prob_L_B10,pred_B11,prob_E_B11,prob_M_B11,prob_L_B11,pred_B12,prob_E_B12,prob_M_B12,prob_L_B12
C6,12,early,early,1.0,0.0,0.0,early,1.0,0.0,0.0,early,0.9367,0.0633,0.0,early,0.8582,0.1383,0.0035,early,0.855,0.1325,0.0125,early,0.9656,0.032,0.0025,early,0.6159,0.3329,0.0513,early,1.0,0.0,0.0,early,0.9999,0.0,0.0,early,0.9981,0.0007,0.0012,early,0.9538,0.0316,0.0146,early,0.8568,0.1251,0.018
C6,13,early,early,1.0,0.0,0.0,early,1.0,0.0,0.0,early,0.76,0.2267,0.0133,early,0.8855,0.111,0.0035,early,0.6675,0.295,0.0375,early,0.9261,0.0695,0.0044,early,0.6396,0.3044,0.0561,early,1.0,0.0,0.0,early,0.9999,1e-04,1e-04,early,0.9977,0.0009,0.0015,early,0.9518,0.0333,0.0149,early,0.8549,0.1267,0.0183
C6,14,early,early,1.0,0.0,0.0,early,1.0,0.0,0.0,early,0.7933,0.1967,0.01,early,0.9099,0.0856,0.0044,early,0.7175,0.2675,0.015,early,0.9549,0.042,0.0031,early,0.6167,0.3277,0.0556,early,1.0,0.0,0.0,early,0.9999,1e-04,0.0,early,0.9978,0.0008,0.0013,early,0.9516,0.0337,0.0147,early,0.855,0.1269,0.0181
C6,15,early,early,1.0,0.0,0.0,early,1.0,0.0,0.0,early,0.88,0.1067,0.0133,early,0.9147,0.0812,0.0041,early,0.71,0.275,0.015,early,0.9592,0.038,0.0028,early,0.6262,0.3265,0.0473,early,1.0,0.0,0.0,early,0.9999,1e-04,0.0,early,0.9978,0.0009,0.0014,early,0.9505,0.0349,0.0147,early,0.8541,0.1278,0.0181
C6,16,early,early,1.0,0.0,0.0,early,1.0,0.0,0.0,early,0.91,0.08,0.01,early,0.9354,0.0607,0.0039,early,0.7525,0.2325,0.015,early,0.9631,0.0344,0.0025,early,0.6365,0.3118,0.0517,early,1.0,0.0,0.0,early,0.9999,1e-04,0.0,early,0.9979,0.0008,0.0013,early,0.9495,0.0359,0.0146,early,0.8532,0.1288,0.0179
C6,17,early,early,1.0,0.0,0.0,early,1.0,0.0,0.0,early,0.94,0.06,0.0,early,0.9531,0.0444,0.0025,early,0.815,0.1725,0.0125,early,0.9675,0.0301,0.0024,early,0.6908,0.2578,0.0515,early,0.9998,0.0002,0.0,early,0.9999,1e-04,0.0,early,0.9976,0.001,0.0014,early,0.9473,0.038,0.0147,early,0.8511,0.1309,0.018
C6,18,early,early,1.0,0.0,0.0,early,1.0,0.0,0.0,early,0.96,0.04,0.0,early,0.9511,0.0461,0.0028,early,0.8275,0.16,0.0125,early,0.9871,0.0107,0.0022,early,0.7072,0.2475,0.0453,early,1.0,0.0,0.0,early,0.9999,1e-04,0.0,early,0.9976,0.001,0.0014,early,0.9463,0.0392,0.0145,early,0.8505,0.1316,0.0178
C6,19,early,early,1.0,0.0,0.0,early,1.0,0.0,0.0,early,0.76,0.2233,0.0167,early,0.8775,0.1134,0.0091,early,0.71,0.2175,0.0725,early,0.9541,0.0342,0.0117,early,0.6438,0.3005,0.0557,early,0.9993,0.0006,1e-04,early,0.9998,1e-04,1e-04,early,0.9974,0.0011,0.0015,early,0.943,0.0422,0.0148,early,0.847,0.135,0.018
C6,20,early,early,1.0,0.0,0.0,early,1.0,0.0,0.0,early,0.7967,0.1933,0.01,early,0.9364,0.0596,0.004,early,0.75,0.2125,0.0375,early,0.9485,0.0394,0.0121,early,0.7371,0.2035,0.0594,early,0.9998,1e-04,0.0,early,0.9993,0.0006,0.0002,early,0.9974,0.0011,0.0014,early,0.9423,0.0429,0.0148,early,0.8467,0.1353,0.018
C6,21,early,early,1.0,0.0,0.0,early,1.0,0.0,0.0,early,0.9567,0.04,0.0033,early,0.9839,0.0136,0.0025,early,0.885,0.0675,0.0475,early,0.9846,0.0121,0.0033,early,0.6914,0.2129,0.0957,early,0.9998,0.0002,0.0,early,0.9998,1e-04,1e-04,early,0.9976,0.001,0.0014,early,0.9472,0.038,0.0147,early,0.852,0.1299,0.0181
C6,22,early,early,1.0,0.0,0.0,early,1.0,0.0,0.0,early,0.9867,0.0133,0.0,early,0.9918,0.0053,0.0029,early,0.95,0.035,0.015,early,0.9906,0.0074,0.002,early,0.722,0.1711,0.1069,early,1.0,0.0,0.0,early,0.9999,1e-04,0.0,early,0.9979,0.0009,0.0013,early,0.9497,0.0358,0.0145,early,0.855,0.1271,0.0179
C6,23,early,early,1.0,0.0,0.0,early,1.0,0.0,0.0,early,0.9833,0.0167,0.0,early,0.9927,0.0049,0.0024,early,0.955,0.0325,0.0125,early,0.991,0.007,0.002,early,0.7463,0.1568,0.0969,early,1.0,0.0,0.0,early,0.9999,0.0,0.0,early,0.998,0.0008,0.0012,early,0.9509,0.0345,0.0147,early,0.8562,0.1258,0.018
C6,24,early,early,1.0,0.0,0.0,early,1.0,0.0,0.0,early,0.9833,0.0167,0.0,early,0.993,0.0045,0.0025,early,0.9575,0.03,0.0125,early,0.9918,0.0065,0.0018,early,0.7615,0.1423,0.0962,early,1.0,0.0,0.0,early,0.9999,0.0,0.0,early,0.9981,0.0007,0.0012,early,0.9514,0.0338,0.0148,early,0.8565,0.1253,0.0182
C6,25,early,early,1.0,0.0,0.0,early,1.0,0.0,0.0,early,0.97,0.03,0.0,early,0.9931,0.0043,0.0025,early,0.94,0.0475,0.0125,early,0.9898,0.0083,0.0018,early,0.7554,0.1388,0.1058,early,1.0,0.0,0.0,early,0.9999,0.0,0.0,early,0.9982,0.0007,0.0012,early,0.9521,0.033,0.0149,early,0.8568,0.1249,0.0183
C6,26,early,early,1.0,0.0,0.0,early,1.0,0.0,0.0,early,0.9967,0.0033,0.0,early,0.9928,0.0047,0.0025,early,0.9575,0.03,0.0125,early,0.9913,0.0068,0.0019,early,0.7519,0.1445,0.1036,early,1.0,0.0,0.0,early,0.9999,0.0,0.0,early,0.9982,0.0006,0.0011,early,0.9526,0.0323,0.0151,early,0.8571,0.1244,0.0185
C6,27,early,early,1.0,0.0,0.0,early,1.0,0.0,0.0,early,0.9867,0.0133,0.0,early,0.9932,0.0035,0.0033,early,0.955,0.0325,0.0125,early,0.9917,0.0063,0.002,early,0.7474,0.1281,0.1245,early,1.0,0.0,0.0,early,0.9999,0.0,0.0,early,0.9983,0.0006,0.0011,early,0.9526,0.0321,0.0153,early,0.8569,0.1244,0.0188
C6,28,early,early,1.0,0.0,0.0,early,1.0,0.0,0.0,early,0.98,0.0167,0.0033,early,0.995,0.0023,0.0027,early,0.9525,0.035,0.0125,early,0.9917,0.0064,0.002,early,0.7506,0.1214,0.128,early,1.0,0.0,0.0,early,0.9999,0.0,0.0,early,0.9983,0.0006,0.0011,early,0.9526,0.0318,0.0156,early,0.8566,0.1243,0.019
C6,29,early,early,1.0,0.0,0.0,early,1.0,0.0,0.0,early,0.9833,0.0133,0.0033,early,0.9959,0.0016,0.0025,early,0.9575,0.03,0.0125,early,0.9924,0.0055,0.0021,early,0.769,0.1087,0.1223,early,1.0,0.0,0.0,early,0.9999,0.0,0.0,early,0.9984,0.0006,0.0011,early,0.9526,0.0316,0.0159,early,0.8566,0.1241,0.0193
C6,30,early,early,1.0,0.0,0.0,early,1.0,0.0,0.0,early,0.98,0.02,0.0,early,0.9958,0.0016,0.0026,early,0.9425,0.045,0.0125,early,0.9909,0.0072,0.0019,early,0.7617,0.1169,0.1213,early,1.0,0.0,0.0,early,0.9999,0.0,0.0,early,0.9984,0.0005,0.0011,early,0.9527,0.0313,0.0159,early,0.8569,0.1237,0.0193
C6,31,early,early,1.0,0.0,0.0,early,1.0,0.0,0.0,early,0.9733,0.02,0.0067,early,0.9729,0.023,0.0041,early,0.89,0.0475,0.0625,early,0.9851,0.0076,0.0073,early,0.742,0.1991,0.059,early,1.0,0.0,0.0,early,1.0,0.0,0.0,early,0.9984,0.0005,0.0011,early,0.9531,0.0312,0.0156,early,0.8573,0.1236,0.0191
C6,32,early,early,1.0,0.0,0.0,early,1.0,0.0,0.0,early,0.9833,0.0133,0.0033,early,0.9835,0.0144,0.0022,early,0.9025,0.0575,0.04,early,0.9843,0.0079,0.0078,early,0.7425,0.1944,0.0631,early,1.0,0.0,0.0,early,0.9999,0.0,0.0,early,0.9984,0.0005,0.0011,early,0.9532,0.0312,0.0157,early,0.8572,0.1237,0.0191
C6,33,early,early,1.0,0.0,0.0,early,1.0,0.0,0.0,early,0.9667,0.03,0.0033,early,0.9827,0.0094,0.0079,early,0.8625,0.08,0.0575,early,0.9869,0.0067,0.0063,early,0.8191,0.0923,0.0887,early,1.0,0.0,0.0,early,0.9999,0.0,0.0,early,0.9984,0.0005,0.0011,early,0.9529,0.031,0.0161,early,0.8569,0.1236,0.0195
C6,34,early,early,1.0,0.0,0.0,early,1.0,0.0,0.0,early,0.92,0.0733,0.0067,early,0.9946,0.0016,0.0037,early,0.8075,0.12,0.0725,early,0.9887,0.0041,0.0072,early,0.8355,0.0776,0.0869,early,1.0,0.0,0.0,early,0.9999,0.0,0.0,early,0.9984,0.0005,0.0011,early,0.9532,0.0308,0.016,early,0.8571,0.1235,0.0194
C6,35,early,early,1.0,0.0,0.0,early,1.0,0.0,0.0,early,0.9267,0.0667,0.0067,early,0.9951,0.0012,0.0037,early,0.805,0.1225,0.0725,early,0.9882,0.0045,0.0072,early,0.8332,0.0763,0.0905,early,1.0,0.0,0.0,early,1.0,0.0,0.0,early,0.9985,0.0005,0.0011,early,0.9531,0.0307,0.0161,early,0.8569,0.1235,0.0196
C6,36,early,early,1.0,0.0,0.0,early,1.0,0.0,0.0,early,0.98,0.02,0.0,early,0.996,0.0011,0.0029,early,0.91,0.05,0.04,early,0.9935,0.0043,0.0022,early,0.8263,0.0842,0.0896,early,1.0,0.0,0.0,early,1.0,0.0,0.0,early,0.9985,0.0005,0.0011,early,0.9532,0.0307,0.0161,early,0.857,0.1234,0.0195
C6,37,early,middle,0.0,1.0,0.0,early,1.0,0.0,0.0,early,0.98,0.02,0.0,early,0.9959,0.0014,0.0027,early,0.9125,0.055,0.0325,early,0.9936,0.0042,0.0022,early,0.8271,0.0908,0.0822,early,1.0,0.0,0.0,early,1.0,0.0,0.0,early,0.9985,0.0005,0.0011,early,0.9533,0.0306,0.0161,early,0.8572,0.1232,0.0196
C6,38,early,middle,0.0,1.0,0.0,early,1.0,0.0,0.0,early,0.98,0.02,0.0,early,0.9962,0.0014,0.0024,early,0.915,0.0525,0.0325,early,0.9938,0.004,0.0022,early,0.8405,0.0867,0.0727,early,1.0,0.0,0.0,early,1.0,0.0,0.0,early,0.9985,0.0005,0.0011,early,0.9535,0.0305,0.0161,early,0.8575,0.123,0.0195
C6,39,early,middle,0.0,1.0,0.0,early,1.0,0.0,0.0,early,0.9867,0.0133,0.0,early,0.9967,0.0011,0.0023,early,0.91,0.0575,0.0325,early,0.9938,0.004,0.0022,early,0.839,0.0849,0.0762,early,1.0,0.0,0.0,early,1.0,0.0,0.0,early,0.9985,0.0005,0.0011,early,0.9535,0.0305,0.016,early,0.8577,0.1229,0.0195
C6,40,early,middle,0.0,1.0,0.0,early,1.0,0.0,0.0,early,0.9833,0.0167,0.0,early,0.9965,0.0009,0.0026,early,0.9075,0.055,0.0375,early,0.994,0.0039,0.0022,early,0.8243,0.085,0.0906,early,1.0,0.0,0.0,early,1.0,0.0,0.0,early,0.9985,0.0005,0.0011,early,0.9535,0.0305,0.016,early,0.8576,0.1229,0.0195
C6,41,early,middle,0.0,1.0,0.0,early,1.0,0.0,0.0,early,0.9833,0.0167,0.0,early,0.9972,0.0009,0.0019,early,0.925,0.0425,0.0325,early,0.9941,0.0037,0.0021,early,0.8371,0.0877,0.0753,early,1.0,0.0,0.0,early,1.0,0.0,0.0,early,0.9985,0.0005,0.0011,early,0.9535,0.0305,0.016,early,0.8577,0.1229,0.0194
C6,42,early,middle,0.0,1.0,0.0,early,1.0,0.0,0.0,early,0.9767,0.0233,0.0,early,0.9964,0.0012,0.0023,early,0.9175,0.05,0.0325,early,0.9939,0.0039,0.0022,early,0.8192,0.0999,0.0809,early,1.0,0.0,0.0,early,1.0,0.0,0.0,early,0.9985,0.0005,0.0011,early,0.9536,0.0305,0.0159,early,0.858,0.1226,0.0193
C6,43,early,middle,0.0,1.0,0.0,early,1.0,0.0,0.0,early,0.98,0.02,0.0,early,0.9962,0.0014,0.0024,early,0.9125,0.055,0.0325,early,0.994,0.0038,0.0022,early,0.824,0.0891,0.087,early,1.0,0.0,0.0,early,1.0,0.0,0.0,early,0.9985,0.0005,0.0011,early,0.9537,0.0304,0.016,early,0.858,0.1226,0.0194
C6,44,early,middle,0.0,1.0,0.0,early,1.0,0.0,0.0,early,0.98,0.02,0.0,early,0.9963,0.0012,0.0025,early,0.92,0.0475,0.0325,early,0.994,0.0038,0.0022,early,0.8248,0.095,0.0802,early,1.0,0.0,0.0,early,1.0,0.0,0.0,early,0.9985,0.0005,0.001,early,0.9537,0.0303,0.0159,early,0.8582,0.1224,0.0194
C6,45,early,middle,0.0,1.0,0.0,early,1.0,0.0,0.0,early,0.9333,0.0633,0.0033,early,0.9954,0.0018,0.0028,early,0.9025,0.065,0.0325,early,0.994,0.0038,0.0022,early,0.8237,0.0962,0.08,early,1.0,0.0,0.0,early,1.0,0.0,0.0,early,0.9985,0.0005,0.0011,early,0.9539,0.0302,0.0158,early,0.8586,0.1222,0.0193
C6,46,early,middle,0.0,1.0,0.0,early,1.0,0.0,0.0,early,0.98,0.02,0.0,early,0.9961,0.0016,0.0023,early,0.915,0.0525,0.0325,early,0.9937,0.0039,0.0024,early,0.8174,0.095,0.0875,early,1.0,0.0,0.0,early,1.0,0.0,0.0,early,0.9985,0.0005,0.0011,early,0.9539,0.0303,0.0158,early,0.8585,0.1222,0.0193
C6,47,early,middle,0.0,1.0,0.0,early,1.0,0.0,0.0,early,0.9733,0.0233,0.0033,early,0.9849,0.0097,0.0054,early,0.865,0.05,0.085,early,0.9846,0.0065,0.0089,early,0.8176,0.1179,0.0645,early,1.0,0.0,0.0,early,1.0,0.0,0.0,early,0.9985,0.0005,0.0011,early,0.9538,0.0303,0.0158,early,0.8585,0.1223,0.0193
C6,48,early,middle,0.0,1.0,0.0,early,1.0,0.0,0.0,early,0.9633,0.0333,0.0033,early,0.9962,0.0014,0.0025,early,0.87,0.09,0.04,early,0.9925,0.0049,0.0026,early,0.8207,0.092,0.0873,early,1.0,0.0,0.0,early,1.0,0.0,0.0,early,0.9985,0.0005,0.0011,early,0.9538,0.0303,0.0158,early,0.8584,0.1223,0.0193
C6,49,early,middle,0.0,1.0,0.0,early,1.0,0.0,0.0,early,0.9767,0.0233,0.0,early,0.996,0.0013,0.0027,early,0.9075,0.055,0.0375,early,0.993,0.0044,0.0026,early,0.8041,0.1003,0.0955,early,1.0,0.0,0.0,early,1.0,0.0,0.0,early,0.9984,0.0005,0.0011,early,0.9537,0.0304,0.0159,early,0.8582,0.1224,0.0193
C6,50,early,middle,0.0,1.0,0.0,early,1.0,0.0,0.0,early,0.98,0.0167,0.0033,early,0.9957,0.0012,0.003,early,0.8925,0.07,0.0375,early,0.9933,0.0042,0.0025,early,0.7982,0.0993,0.1025,early,1.0,0.0,0.0,early,1.0,0.0,0.0,early,0.9984,0.0005,0.0011,early,0.9537,0.0305,0.0159,early,0.8581,0.1226,0.0193
C6,51,early,middle,0.0,1.0,0.0,early,1.0,0.0,0.0,early,0.9733,0.0267,0.0,early,0.9966,0.001,0.0024,early,0.915,0.0475,0.0375,early,0.9929,0.0044,0.0027,early,0.7964,0.1052,0.0984,early,1.0,0.0,0.0,early,1.0,0.0,0.0,early,0.9984,0.0005,0.0011,early,0.9534,0.0306,0.016,early,0.8578,0.1227,0.0194
C6,52,early,middle,0.0,1.0,0.0,early,1.0,0.0,0.0,early,0.98,0.0167,0.0033,early,0.996,0.0012,0.0028,early,0.8975,0.06,0.0425,early,0.9931,0.0042,0.0027,early,0.8079,0.0984,0.0937,early,1.0,0.0,0.0,early,1.0,0.0,0.0,early,0.9984,0.0005,0.0011,early,0.9534,0.0306,0.016,early,0.8577,0.1228,0.0195
C6,53,early,middle,0.0,1.0,0.0,early,1.0,0.0,0.0,early,0.98,0.0167,0.0033,early,0.9941,0.0022,0.0036,early,0.885,0.07,0.045,early,0.9921,0.0049,0.003,early,0.7866,0.1035,0.1099,early,1.0,0.0,0.0,early,0.9999,0.0,0.0,early,0.9984,0.0005,0.0011,early,0.9531,0.0307,0.0162,early,0.8572,0.1232,0.0197
C6,54,early,middle,0.0,1.0,0.0,early,1.0,0.0,0.0,early,0.9767,0.02,0.0033,early,0.9951,0.0013,0.0036,early,0.8875,0.0725,0.04,early,0.9924,0.0047,0.0029,early,0.7893,0.1051,0.1056,early,1.0,0.0,0.0,early,0.9999,0.0,0.0,early,0.9984,0.0005,0.0011,early,0.9529,0.0308,0.0163,early,0.8569,0.1233,0.0198
C6,55,early,middle,0.0,1.0,0.0,early,1.0,0.0,0.0,early,0.97,0.0267,0.0033,early,0.9941,0.0017,0.0042,early,0.88,0.08,0.04,early,0.9923,0.0046,0.0031,early,0.7974,0.0984,0.1042,early,1.0,0.0,0.0,early,0.9999,0.0,0.0,early,0.9984,0.0005,0.0011,early,0.9527,0.0309,0.0165,early,0.8566,0.1235,0.0199
C6,56,early,middle,0.0,1.0,0.0,early,1.0,0.0,0.0,early,0.98,0.0167,0.0033,early,0.9947,0.002,0.0033,early,0.89,0.0725,0.0375,early,0.9919,0.0052,0.003,early,0.7771,0.1195,0.1034,early,1.0,0.0,0.0,early,0.9999,0.0,0.0,early,0.9984,0.0005,0.0011,early,0.9525,0.031,0.0165,early,0.8563,0.1238,0.0199
C6,57,early,middle,0.0,1.0,0.0,early,1.0,0.0,0.0,early,0.98,0.0167,0.0033,early,0.9935,0.0029,0.0036,early,0.89,0.0725,0.0375,early,0.9921,0.005,0.003,early,0.7635,0.1296,0.1069,early,1.0,0.0,0.0,early,0.9999,0.0,0.0,early,0.9984,0.0005,0.0011,early,0.9522,0.0312,0.0166,early,0.8556,0.1244,0.02
C6,58,early,middle,0.0,1.0,0.0,early,1.0,0.0,0.0,early,0.98,0.02,0.0,early,0.9812,0.0142,0.0046,early,0.93,0.045,0.025,early,0.9798,0.0121,0.0081,early,0.8294,0.1069,0.0638,early,1.0,0.0,0.0,early,0.9999,0.0,0.0,early,0.9984,0.0005,0.0011,early,0.9521,0.0312,0.0167,early,0.8554,0.1245,0.0201
C6,59,early,middle,0.0,1.0,0.0,early,1.0,0.0,0.0,early,0.92,0.07,0.01,early,0.9917,0.0043,0.004,early,0.8325,0.1275,0.04,early,0.9895,0.0067,0.0038,early,0.7645,0.1227,0.1128,early,1.0,0.0,0.0,early,0.9999,0.0,0.0,early,0.9983,0.0005,0.0011,early,0.9516,0.0315,0.0169,early,0.8547,0.125,0.0203
C6,60,early,middle,0.0,1.0,0.0,early,1.0,0.0,0.0,early,0.9733,0.02,0.0067,early,0.9856,0.0099,0.0044,early,0.8775,0.085,0.0375,early,0.9911,0.0056,0.0033,early,0.7421,0.1407,0.1172,early,1.0,0.0,0.0,early,0.9999,0.0,0.0,early,0.9983,0.0005,0.0012,early,0.9517,0.0317,0.0167,early,0.8546,0.1254,0.0201
C6,61,early,middle,0.0,1.0,0.0,early,1.0,0.0,0.0,early,0.93,0.0533,0.0167,early,0.9861,0.0075,0.0063,early,0.83,0.1175,0.0525,early,0.9908,0.0059,0.0033,early,0.763,0.1199,0.1171,early,1.0,0.0,0.0,early,0.9999,0.0,0.0,early,0.9983,0.0006,0.0012,early,0.9512,0.0319,0.0169,early,0.854,0.1258,0.0202
C6,62,early,middle,0.0,1.0,0.0,early,1.0,0.0,0.0,early,0.9633,0.03,0.0067,early,0.9816,0.0138,0.0046,early,0.8725,0.085,0.0425,early,0.9909,0.0059,0.0032,early,0.7446,0.1433,0.1121,early,1.0,0.0,0.0,early,0.9999,0.0,0.0,early,0.9983,0.0005,0.0012,early,0.9513,0.0321,0.0166,early,0.8542,0.1258,0.02
C6,63,early,middle,0.0,1.0,0.0,early,1.0,0.0,0.0,early,0.93,0.0533,0.0167,early,0.9794,0.0125,0.0082,early,0.8175,0.1275,0.055,early,0.9861,0.0091,0.0049,early,0.7197,0.1448,0.1355,early,1.0,0.0,0.0,early,0.9999,0.0,0.0,early,0.9982,0.0006,0.0012,early,0.9506,0.0325,0.017,early,0.8531,0.1266,0.0203
C6,64,early,middle,0.0,1.0,0.0,early,1.0,0.0,0.0,early,0.9367,0.05,0.0133,early,0.9821,0.0107,0.0072,early,0.8525,0.1075,0.04,early,0.986,0.0092,0.0048,early,0.7404,0.1398,0.1199,early,1.0,0.0,0.0,early,0.9999,0.0,0.0,early,0.9982,0.0006,0.0012,early,0.9504,0.0327,0.0169,early,0.853,0.1268,0.0202
C6,65,early,middle,0.0,1.0,0.0,early,1.0,0.0,0.0,early,0.9033,0.08,0.0167,early,0.7184,0.2557,0.0259,early,0.7925,0.1625,0.045,early,0.9865,0.0088,0.0048,early,0.6449,0.1735,0.1816,early,1.0,0.0,0.0,early,0.9998,1e-04,1e-04,early,0.998,0.0006,0.0013,early,0.9483,0.0337,0.0181,early,0.8505,0.1282,0.0213
C6,66,early,middle,0.0,1.0,0.0,early,1.0,0.0,0.0,early,0.81,0.1667,0.0233,early,0.7647,0.2132,0.022,early,0.6725,0.26,0.0675,early,0.768,0.2068,0.0252,early,0.6418,0.2246,0.1336,early,1.0,0.0,0.0,early,0.9997,1e-04,1e-04,early,0.9981,0.0006,0.0013,early,0.9477,0.0342,0.0181,early,0.8498,0.1289,0.0213
C6,67,early,middle,0.0,1.0,0.0,early,1.0,0.0,0.0,early,0.7933,0.1867,0.02,early,0.8186,0.1654,0.0161,early,0.66,0.2775,0.0625,early,0.766,0.2025,0.0315,early,0.6593,0.2035,0.1371,early,1.0,0.0,0.0,early,0.9997,1e-04,1e-04,early,0.9979,0.0007,0.0014,early,0.946,0.0355,0.0185,early,0.8475,0.1308,0.0217
C6,68,early,middle,0.0,1.0,0.0,early,1.0,0.0,0.0,early,0.7233,0.25,0.0267,early,0.7175,0.264,0.0185,early,0.655,0.2825,0.0625,early,0.7642,0.2052,0.0305,early,0.6646,0.2209,0.1145,early,1.0,0.0,0.0,early,0.9997,1e-04,1e-04,early,0.9978,0.0008,0.0014,early,0.9444,0.0369,0.0187,early,0.8459,0.1323,0.0218
C6,69,early,middle,0.0,1.0,0.0,early,1.0,0.0,0.0,early,0.7367,0.2467,0.0167,early,0.7308,0.2535,0.0157,early,0.6525,0.295,0.0525,early,0.7612,0.2075,0.0313,early,0.6897,0.1954,0.1149,early,1.0,0.0,0.0,early,0.9997,0.0002,1e-04,early,0.9975,0.0009,0.0016,early,0.9414,0.0392,0.0194,early,0.8419,0.1357,0.0224
C6,70,early,middle,0.0,1.0,0.0,early,1.0,0.0,0.0,early,0.7233,0.2567,0.02,early,0.7604,0.2229,0.0167,early,0.5875,0.35,0.0625,middle,0.3673,0.5521,0.0806,early,0.6607,0.204,0.1354,early,1.0,0.0,0.0,early,0.9997,0.0002,1e-04,early,0.9973,0.001,0.0017,early,0.9371,0.0428,0.0201,early,0.8369,0.1401,0.0229
C6,71,early,middle,0.0,1.0,0.0,early,1.0,0.0,0.0,early,0.7233,0.26,0.0167,early,0.7292,0.2572,0.0137,early,0.5975,0.3425,0.06,middle,0.3664,0.5548,0.0788,early,0.6576,0.2006,0.1418,early,0.9999,1e-04,0.0,early,0.9997,0.0002,1e-04,early,0.997,0.0012,0.0019,early,0.9319,0.0474,0.0207,early,0.8313,0.1453,0.0234
C6,72,early,middle,0.0,1.0,0.0,early,1.0,0.0,0.0,early,0.7167,0.2733,0.01,early,0.614,0.3722,0.0138,early,0.57,0.3675,0.0625,middle,0.3525,0.5647,0.0828,early,0.6472,0.2176,0.1352,early,0.9999,0.0,0.0,early,0.9996,0.0002,0.0002,early,0.9967,0.0013,0.002,early,0.9274,0.0516,0.0209,early,0.8265,0.1499,0.0235
C6,73,early,middle,0.0,1.0,0.0,early,1.0,0.0,0.0,early,0.7033,0.2833,0.0133,early,0.6679,0.3176,0.0144,early,0.5725,0.3625,0.065,middle,0.3506,0.5671,0.0824,early,0.6588,0.2059,0.1353,early,0.9974,0.0023,0.0003,early,0.9995,0.0003,0.0002,early,0.996,0.0017,0.0023,early,0.9163,0.0613,0.0224,early,0.8148,0.1605,0.0247
C6,74,early,middle,0.0,1.0,0.0,early,1.0,0.0,0.0,early,0.7,0.2867,0.0133,early,0.6567,0.3293,0.014,early,0.5775,0.3575,0.065,middle,0.402,0.5044,0.0935,early,0.696,0.187,0.117,early,0.9987,0.0011,0.0002,early,0.9995,0.0003,0.0002,early,0.9956,0.002,0.0024,early,0.9082,0.0689,0.023,early,0.8075,0.1674,0.0251
C6,75,early,middle,0.0,1.0,0.0,early,1.0,0.0,0.0,early,0.7233,0.2633,0.0133,early,0.7416,0.2427,0.0157,early,0.5725,0.3625,0.065,middle,0.3672,0.5473,0.0854,early,0.6979,0.1842,0.1179,early,0.9839,0.0145,0.0016,early,0.9994,0.0004,0.0002,early,0.9948,0.0025,0.0027,early,0.895,0.0811,0.024,early,0.7971,0.1771,0.0257
C6,76,early,middle,0.0,1.0,0.0,early,1.0,0.0,0.0,early,0.8933,0.0967,0.01,early,0.9467,0.0432,0.0101,early,0.805,0.12,0.075,early,0.9929,0.0047,0.0025,early,0.7315,0.1814,0.087,early,0.9986,0.0012,0.0003,early,0.9996,0.0003,1e-04,early,0.9955,0.0022,0.0024,early,0.9027,0.0738,0.0235,early,0.8034,0.1712,0.0254
C6,77,early,middle,0.0,1.0,0.0,early,1.0,0.0,0.0,early,0.6633,0.32,0.0167,early,0.7447,0.242,0.0133,early,0.565,0.375,0.06,middle,0.378,0.5293,0.0927,early,0.6931,0.1739,0.1331,early,0.9903,0.0085,0.0012,early,0.9996,0.0003,1e-04,early,0.9939,0.0032,0.0029,early,0.8905,0.0855,0.024,early,0.7945,0.1798,0.0257
C6,78,early,middle,0.0,1.0,0.0,early,1.0,0.0,0.0,early,0.7033,0.2833,0.0133,early,0.7162,0.2685,0.0152,early,0.5675,0.365,0.0675,middle,0.4087,0.4919,0.0993,early,0.7044,0.1687,0.1269,early,0.9979,0.0016,0.0005,early,0.9996,0.0003,0.0002,early,0.9946,0.0028,0.0027,early,0.9048,0.0727,0.0225,early,0.8051,0.1703,0.0246
C6,79,early,middle,0.0,1.0,0.0,early,1.0,0.0,0.0,early,0.7067,0.28,0.0133,early,0.7543,0.2324,0.0132,early,0.5725,0.37,0.0575,middle,0.3811,0.5231,0.0958,early,0.6845,0.1764,0.139,early,0.9943,0.0049,0.0008,early,0.9995,0.0003,0.0002,early,0.9942,0.003,0.0028,early,0.9018,0.0757,0.0224,early,0.8025,0.173,0.0245
C6,80,early,middle,0.0,1.0,0.0,early,1.0,0.0,0.0,early,0.7033,0.2867,0.01,early,0.7375,0.2501,0.0124,early,0.5675,0.3725,0.06,middle,0.3478,0.5647,0.0874,early,0.6795,0.1869,0.1336,early,0.9991,0.0007,0.0002,early,0.9994,0.0004,0.0002,early,0.9955,0.0021,0.0023,early,0.9133,0.0657,0.021,early,0.8125,0.1641,0.0234
C6,81,early,middle,0.0,1.0,0.0,early,1.0,0.0,0.0,early,0.7333,0.2567,0.01,early,0.6991,0.2881,0.0128,early,0.5825,0.355,0.0625,middle,0.3143,0.611,0.0747,early,0.7192,0.1712,0.1096,early,0.9965,0.0029,0.0006,early,0.9993,0.0004,0.0002,early,0.9948,0.0026,0.0026,early,0.9112,0.0675,0.0213,early,0.8111,0.1652,0.0237
C6,82,early,middle,0.0,1.0,0.0,early,1.0,0.0,0.0,early,0.71,0.28,0.01,early,0.7529,0.232,0.0151,early,0.55,0.3725,0.0775,middle,0.3559,0.547,0.0971,early,0.6823,0.1916,0.1261,early,0.9992,0.0006,0.0002,early,0.9993,0.0005,0.0002,early,0.9952,0.0024,0.0024,early,0.9169,0.0625,0.0205,early,0.8162,0.1607,0.0231
C6,83,early,middle,0.0,1.0,0.0,early,1.0,0.0,0.0,early,0.7433,0.2467,0.01,early,0.6239,0.3647,0.0113,early,0.5875,0.355,0.0575,middle,0.3128,0.6156,0.0716,early,0.7058,0.178,0.1162,early,0.9969,0.0026,0.0005,early,0.9993,0.0005,0.0002,early,0.9948,0.0026,0.0026,early,0.9146,0.0648,0.0207,early,0.8142,0.1627,0.0231
C6,84,early,middle,0.0,1.0,0.0,early,1.0,0.0,0.0,early,0.7,0.29,0.01,early,0.6335,0.3533,0.0131,early,0.565,0.38,0.055,middle,0.3236,0.5892,0.0872,early,0.68,0.187,0.133,early,0.9995,0.0004,1e-04,early,0.9994,0.0004,0.0002,early,0.9957,0.002,0.0023,early,0.9166,0.0631,0.0203,early,0.8156,0.1616,0.0228
C6,85,early,middle,0.0,1.0,0.0,early,1.0,0.0,0.0,early,0.7,0.29,0.01,early,0.662,0.3242,0.0138,early,0.5575,0.3875,0.055,middle,0.283,0.6428,0.0741,early,0.6788,0.1822,0.139,early,0.998,0.0016,0.0003,early,0.9994,0.0004,0.0002,early,0.9954,0.0021,0.0024,early,0.9136,0.066,0.0205,early,0.8129,0.1641,0.023
C6,86,early,middle,0.0,1.0,0.0,early,1.0,0.0,0.0,early,0.6867,0.3033,0.01,middle,0.403,0.5882,0.0088,early,0.5625,0.3825,0.055,middle,0.2437,0.6913,0.0649,early,0.6781,0.2071,0.1148,early,0.9988,0.001,0.0002,early,0.9992,0.0005,0.0002,early,0.9948,0.0025,0.0026,early,0.9089,0.0705,0.0206,early,0.8097,0.1673,0.023
C6,87,early,middle,0.0,1.0,0.0,early,1.0,0.0,0.0,early,0.89,0.1,0.01,early,0.9696,0.0249,0.0055,early,0.7975,0.1475,0.055,early,0.9757,0.0209,0.0034,early,0.7684,0.142,0.0897,early,0.9993,0.0006,1e-04,early,0.9996,0.0002,1e-04,early,0.996,0.0018,0.0022,early,0.9222,0.0581,0.0197,early,0.8217,0.1559,0.0224
C6,88,early,middle,0.0,1.0,0.0,early,1.0,0.0,0.0,early,0.61,0.3767,0.0133,early,0.6486,0.3382,0.0132,early,0.5375,0.4,0.0625,middle,0.2562,0.6435,0.1004,early,0.6503,0.2138,0.1359,early,0.9929,0.0062,0.001,early,0.9984,0.0012,0.0004,early,0.9937,0.0034,0.003,early,0.9023,0.0762,0.0215,early,0.805,0.1713,0.0237
C6,89,early,middle,0.0,1.0,0.0,early,1.0,0.0,0.0,early,0.6567,0.33,0.0133,early,0.5899,0.3963,0.0138,early,0.5525,0.375,0.0725,middle,0.3177,0.5683,0.1139,early,0.6423,0.2116,0.1461,early,0.9984,0.0013,0.0004,early,0.9976,0.0018,0.0006,early,0.9939,0.0032,0.0029,early,0.9113,0.0683,0.0204,early,0.8119,0.1653,0.0229
C6,90,early,middle,0.0,1.0,0.0,early,1.0,0.0,0.0,early,0.6467,0.3367,0.0167,early,0.4602,0.5236,0.0162,early,0.5575,0.3775,0.065,middle,0.3135,0.5773,0.1092,early,0.6411,0.2071,0.1518,early,0.9842,0.0141,0.0017,early,0.9955,0.0036,0.0009,early,0.9915,0.0048,0.0037,early,0.8839,0.0932,0.0229,early,0.7914,0.1839,0.0247
C6,91,early,middle,0.0,1.0,0.0,early,1.0,0.0,0.0,early,0.6567,0.3267,0.0167,early,0.5251,0.4551,0.0198,early,0.5375,0.3825,0.08,middle,0.322,0.5655,0.1125,early,0.6143,0.2347,0.151,early,0.9987,0.001,0.0003,early,0.9955,0.0035,0.001,early,0.9942,0.0029,0.0029,early,0.9039,0.0747,0.0214,early,0.8044,0.1719,0.0236
C6,92,early,middle,0.0,1.0,0.0,early,1.0,0.0,0.0,early,0.6667,0.32,0.0133,early,0.4663,0.5188,0.0149,early,0.545,0.39,0.065,middle,0.2858,0.6073,0.1069,early,0.6286,0.2244,0.147,early,0.9853,0.0129,0.0018,early,0.9961,0.003,0.0009,early,0.992,0.0043,0.0036,early,0.8747,0.1014,0.0239,early,0.7842,0.1904,0.0255
C6,93,early,middle,0.0,1.0,0.0,early,1.0,0.0,0.0,early,0.66,0.3267,0.0133,early,0.4166,0.5707,0.0127,early,0.535,0.405,0.06,middle,0.3176,0.5848,0.0977,early,0.6418,0.2274,0.1308,early,0.9985,0.0012,0.0003,early,0.9952,0.0038,0.001,early,0.9924,0.004,0.0036,early,0.8907,0.0869,0.0224,early,0.795,0.1806,0.0244
C6,94,early,middle,0.0,1.0,0.0,early,1.0,0.0,0.0,early,0.5767,0.41,0.0133,early,0.4448,0.5435,0.0117,early,0.4925,0.45,0.0575,middle,0.2944,0.6124,0.0932,early,0.6215,0.2471,0.1314,early,0.9623,0.0345,0.0032,early,0.992,0.0067,0.0013,early,0.9876,0.0075,0.0049,early,0.8442,0.13,0.0258,early,0.765,0.2083,0.0267
C6,95,early,middle,0.0,1.0,0.0,early,1.0,0.0,0.0,early,0.5567,0.4167,0.0267,early,0.5149,0.4628,0.0223,middle,0.435,0.48,0.085,middle,0.2814,0.6043,0.1142,early,0.5665,0.2627,0.1707,early,0.9973,0.0022,0.0005,early,0.992,0.0064,0.0015,early,0.991,0.0049,0.0041,early,0.8553,0.1195,0.0252,early,0.7705,0.2032,0.0263
C6,96,middle,middle,0.0,1.0,0.0,early,1.0,0.0,0.0,early,0.6133,0.3667,0.02,early,0.4546,0.529,0.0164,early,0.5,0.4125,0.0875,middle,0.3079,0.5808,0.1114,early,0.5975,0.2436,0.1589,early,0.935,0.06,0.005,early,0.9916,0.0067,0.0017,early,0.9869,0.0077,0.0054,early,0.7833,0.1866,0.03,early,0.7255,0.245,0.0296
C6,97,middle,middle,0.0,1.0,0.0,early,1.0,0.0,0.0,early,0.68,0.3,0.02,middle,0.3124,0.6455,0.0421,early,0.475,0.4425,0.0825,middle,0.1962,0.7341,0.0697,early,0.5188,0.3541,0.1271,early,0.8798,0.1146,0.0056,early,0.8894,0.1018,0.0087,early,0.9799,0.0121,0.008,early,0.6981,0.2674,0.0345,early,0.6742,0.2933,0.0325
C6,98,middle,middle,0.0,1.0,0.0,early,1.0,0.0,0.0,early,0.5333,0.4467,0.02,early,0.6558,0.3253,0.0189,middle,0.4025,0.5,0.0975,middle,0.1541,0.7838,0.0622,early,0.5074,0.3252,0.1674,early,0.7997,0.1927,0.0076,early,0.9217,0.0702,0.0081,early,0.9818,0.0111,0.0071,early,0.6345,0.329,0.0365,early,0.637,0.3293,0.0337
C6,99,middle,middle,0.0,1.0,0.0,early,1.0,0.0,0.0,early,0.5467,0.42,0.0333,early,0.6322,0.335,0.0327,middle,0.3825,0.49,0.1275,middle,0.1672,0.7656,0.0672,early,0.5084,0.2954,0.1961,middle,0.0555,0.9374,0.0071,middle,0.0065,0.9927,0.0008,early,0.9362,0.0472,0.0166,middle,0.3626,0.5978,0.0396,middle,0.4755,0.4884,0.036
C6,100,middle,middle,0.0,1.0,0.0,early,1.0,0.0,0.0,early,0.51,0.4467,0.0433,early,0.6478,0.3108,0.0414,middle,0.3525,0.5125,0.135,middle,0.1619,0.7702,0.0679,early,0.4839,0.3231,0.193,middle,0.239,0.7448,0.0162,middle,0.0021,0.9975,0.0004,early,0.9128,0.0661,0.0211,middle,0.3007,0.66,0.0393,middle,0.3996,0.5642,0.0362
C6,101,middle,middle,0.0,1.0,0.0,early,1.0,0.0,0.0,early,0.5067,0.4567,0.0367,early,0.6518,0.3108,0.0374,middle,0.3475,0.51,0.1425,middle,0.1729,0.7577,0.0694,early,0.5049,0.3082,0.1869,middle,0.0138,0.9825,0.0037,middle,0.0011,0.9986,0.0003,early,0.8881,0.0843,0.0275,middle,0.2308,0.7301,0.0391,middle,0.2989,0.6644,0.0367
C6,102,middle,middle,0.0,1.0,0.0,early,1.0,0.0,0.0,early,0.5133,0.45,0.0367,early,0.5062,0.4641,0.0296,middle,0.375,0.515,0.11,middle,0.1631,0.7699,0.0671,early,0.4705,0.3334,0.1961,middle,0.0611,0.9266,0.0123,middle,0.0005,0.9994,1e-04,early,0.8106,0.1555,0.0339,middle,0.1871,0.7741,0.0388,middle,0.2193,0.7436,0.0371
C6,103,middle,middle,0.0,1.0,0.0,early,1.0,0.0,0.0,early,0.4967,0.4567,0.0467,early,0.6657,0.2833,0.051,middle,0.3375,0.52,0.1425,middle,0.1747,0.7505,0.0748,early,0.4649,0.3143,0.2209,middle,0.0132,0.982,0.0048,middle,0.0003,0.9997,1e-04,early,0.8491,0.1156,0.0353,middle,0.1339,0.8272,0.0389,middle,0.1535,0.8086,0.0379
C6,104,middle,middle,0.0,1.0,0.0,early,1.0,0.0,0.0,early,0.5,0.4633,0.0367,early,0.6361,0.3128,0.0512,middle,0.36,0.51,0.13,middle,0.2186,0.6911,0.0903,early,0.4539,0.3285,0.2177,middle,0.038,0.9498,0.0122,middle,0.0002,0.9997,1e-04,early,0.872,0.0931,0.0349,middle,0.1173,0.8426,0.0401,middle,0.1315,0.8292,0.0392
C6,105,middle,middle,0.0,1.0,0.0,early,1.0,0.0,0.0,early,0.5033,0.4633,0.0333,early,0.5318,0.437,0.0312,middle,0.3675,0.5125,0.12,middle,0.1756,0.7538,0.0706,early,0.4846,0.3157,0.1996,middle,0.0137,0.9807,0.0055,middle,0.0002,0.9997,1e-04,early,0.892,0.0723,0.0357,middle,0.1137,0.8424,0.0439,middle,0.1252,0.8326,0.0422
C6,106,middle,middle,0.0,1.0,0.0,early,1.0,0.0,0.0,middle,0.3867,0.5333,0.08,early,0.5089,0.4265,0.0646,middle,0.2575,0.545,0.1975,middle,0.242,0.639,0.119,early,0.4292,0.3241,0.2467,middle,0.0364,0.9501,0.0135,middle,0.0003,0.9996,1e-04,early,0.9191,0.051,0.0299,middle,0.1165,0.8357,0.0478,middle,0.1239,0.831,0.0451
C6,107,middle,middle,0.0,1.0,0.0,early,1.0,0.0,0.0,early,0.5,0.4633,0.0367,early,0.4384,0.5302,0.0314,middle,0.3525,0.515,0.1325,middle,0.2288,0.682,0.0892,early,0.487,0.2869,0.2261,middle,0.0273,0.9619,0.0108,middle,0.0004,0.9995,0.0002,early,0.9262,0.0439,0.0299,middle,0.1142,0.8355,0.0503,middle,0.1208,0.8323,0.047
C6,108,middle,middle,0.0,1.0,0.0,early,1.0,0.0,0.0,early,0.8933,0.1,0.0067,early,0.9333,0.0581,0.0086,early,0.7725,0.155,0.0725,early,0.9839,0.0109,0.0052,early,0.693,0.2144,0.0926,middle,0.285,0.6885,0.0265,middle,0.0021,0.9975,0.0004,early,0.9554,0.028,0.0166,middle,0.2032,0.7369,0.0599,middle,0.1777,0.7699,0.0524
C6,109,middle,middle,0.0,1.0,0.0,early,1.0,0.0,0.0,middle,0.4233,0.5167,0.06,middle,0.3919,0.5738,0.0343,middle,0.3,0.535,0.165,middle,0.2531,0.6297,0.1172,early,0.408,0.3379,0.2541,middle,0.0515,0.9308,0.0177,middle,0.0033,0.996,0.0008,early,0.9297,0.0451,0.0252,middle,0.1476,0.7984,0.054,middle,0.1427,0.8083,0.049
C6,110,middle,middle,0.0,1.0,0.0,early,1.0,0.0,0.0,middle,0.4567,0.5133,0.03,early,0.4671,0.5045,0.0284,middle,0.3175,0.5425,0.14,middle,0.2392,0.6586,0.1022,early,0.4629,0.3246,0.2124,middle,0.2627,0.6957,0.0416,middle,0.008,0.9903,0.0017,early,0.9313,0.0439,0.0248,middle,0.1816,0.7621,0.0563,middle,0.1631,0.7868,0.0501
C6,111,middle,middle,0.0,1.0,0.0,early,1.0,0.0,0.0,middle,0.3633,0.5533,0.0833,early,0.4125,0.521,0.0665,middle,0.255,0.54,0.205,middle,0.2282,0.65,0.1218,early,0.3968,0.3258,0.2775,middle,0.0569,0.9238,0.0193,middle,0.0111,0.986,0.0029,early,0.9245,0.0443,0.0312,middle,0.1389,0.808,0.0531,middle,0.1357,0.8158,0.0485
C6,112,middle,middle,0.0,1.0,0.0,early,1.0,0.0,0.0,middle,0.38,0.5333,0.0867,early,0.543,0.3906,0.0664,middle,0.28,0.52,0.2,middle,0.2235,0.6531,0.1234,early,0.4385,0.3027,0.2588,early,0.829,0.1406,0.0304,middle,0.0141,0.9818,0.0041,early,0.9569,0.0246,0.0185,middle,0.1892,0.7538,0.057,middle,0.1653,0.7842,0.0505
C6,113,middle,middle,0.0,1.0,0.0,early,1.0,0.0,0.0,middle,0.3333,0.58,0.0867,early,0.4794,0.4412,0.0794,middle,0.2425,0.555,0.2025,middle,0.2172,0.6593,0.1236,middle,0.3622,0.3714,0.2664,middle,0.0608,0.9169,0.0223,middle,0.0114,0.9843,0.0042,early,0.9366,0.0356,0.0278,middle,0.1237,0.8241,0.0522,middle,0.1252,0.8266,0.0482
C6,114,middle,middle,0.0,1.0,0.0,early,1.0,0.0,0.0,middle,0.3367,0.5733,0.09,early,0.4014,0.5185,0.0801,middle,0.2425,0.54,0.2175,middle,0.2172,0.6593,0.1236,middle,0.3447,0.358,0.2972,early,0.7582,0.2032,0.0386,middle,0.0363,0.9498,0.0139,early,0.9562,0.0226,0.0212,middle,0.1397,0.8065,0.0538,middle,0.1345,0.8165,0.0491
C6,115,middle,middle,0.0,1.0,0.0,early,1.0,0.0,0.0,middle,0.3267,0.59,0.0833,early,0.398,0.5442,0.0578,middle,0.25,0.5475,0.2025,middle,0.2088,0.6687,0.1224,early,0.3824,0.3612,0.2564,middle,0.0633,0.9131,0.0236,middle,0.0318,0.9543,0.014,early,0.9402,0.0295,0.0303,middle,0.0999,0.8491,0.051,middle,0.1083,0.8439,0.0478
C6,116,middle,middle,0.0,1.0,0.0,early,1.0,0.0,0.0,middle,0.33,0.61,0.06,middle,0.2699,0.6887,0.0414,middle,0.2425,0.5675,0.19,middle,0.2138,0.6639,0.1223,middle,0.3497,0.3715,0.2788,early,0.812,0.165,0.0231,middle,0.0353,0.9487,0.016,early,0.9587,0.0206,0.0208,middle,0.1138,0.8347,0.0515,middle,0.1167,0.8354,0.0479
C6,117,middle,middle,0.0,1.0,0.0,early,1.0,0.0,0.0,middle,0.29,0.6133,0.0967,middle,0.3418,0.5741,0.0841,middle,0.23,0.56,0.21,middle,0.1913,0.6938,0.1148,middle,0.2955,0.3682,0.3363,middle,0.0824,0.8803,0.0373,middle,0.0532,0.9169,0.0299,early,0.948,0.0233,0.0287,middle,0.0888,0.8608,0.0504,middle,0.0991,0.8532,0.0477
C6,118,middle,middle,0.0,1.0,0.0,early,1.0,0.0,0.0,middle,0.2733,0.5633,0.1633,early,0.3848,0.499,0.1162,middle,0.2075,0.545,0.2475,middle,0.2059,0.6706,0.1236,middle,0.2901,0.3791,0.3308,middle,0.4033,0.5416,0.0551,middle,0.0382,0.9336,0.0282,early,0.9332,0.0289,0.0379,middle,0.0762,0.8725,0.0513,middle,0.0878,0.8635,0.0487
C6,119,middle,middle,0.0,1.0,0.0,early,1.0,0.0,0.0,early,0.9367,0.06,0.0033,early,0.975,0.0213,0.0037,early,0.8325,0.095,0.0725,early,0.9911,0.0045,0.0043,early,0.7428,0.1664,0.0908,early,0.8174,0.1573,0.0253,middle,0.4389,0.5139,0.0472,early,0.9739,0.0119,0.0142,middle,0.1392,0.7987,0.0621,middle,0.1345,0.8106,0.055
C6,120,middle,middle,0.0,1.0,0.0,early,1.0,0.0,0.0,middle,0.2433,0.6467,0.11,middle,0.3213,0.5778,0.1009,middle,0.2025,0.56,0.2375,middle,0.2054,0.6689,0.1257,middle,0.2698,0.4084,0.3218,middle,0.1334,0.8044,0.0622,middle,0.0354,0.95,0.0146,early,0.9165,0.0388,0.0447,middle,0.0952,0.8406,0.0642,middle,0.0998,0.8428,0.0575
C6,121,middle,middle,0.0,1.0,0.0,early,1.0,0.0,0.0,middle,0.29,0.6333,0.0767,middle,0.3368,0.6061,0.0571,middle,0.2475,0.545,0.2075,middle,0.2252,0.6484,0.1263,middle,0.3559,0.3712,0.2729,early,0.6074,0.3254,0.0672,middle,0.0827,0.8801,0.0372,early,0.9377,0.0268,0.0355,middle,0.0984,0.8393,0.0623,middle,0.1015,0.8426,0.0559
C6,122,middle,middle,0.0,1.0,0.0,early,1.0,0.0,0.0,middle,0.25,0.62,0.13,early,0.3521,0.516,0.1319,middle,0.1975,0.5525,0.25,middle,0.2036,0.6741,0.1222,late,0.268,0.3643,0.3677,middle,0.2119,0.6827,0.1053,middle,0.2049,0.6409,0.1542,early,0.9122,0.033,0.0548,middle,0.0881,0.8474,0.0645,middle,0.0927,0.8495,0.0578
C6,123,middle,middle,0.0,1.0,0.0,early,1.0,0.0,0.0,middle,0.2667,0.6033,0.13,early,0.3209,0.5558,0.1233,middle,0.21,0.5525,0.2375,middle,0.1833,0.7067,0.11,middle,0.2563,0.3837,0.3601,early,0.9294,0.0444,0.0262,middle,0.1973,0.5775,0.2252,early,0.9531,0.0175,0.0294,middle,0.1238,0.8019,0.0743,middle,0.1141,0.8223,0.0637
C6,124,middle,middle,0.0,1.0,0.0,early,1.0,0.0,0.0,middle,0.22,0.69,0.09,middle,0.2404,0.7096,0.0499,middle,0.2,0.5975,0.2025,middle,0.205,0.672,0.123,middle,0.3054,0.4342,0.2605,middle,0.1651,0.7436,0.0913,middle,0.1534,0.6617,0.1849,early,0.8902,0.0488,0.061,middle,0.0922,0.8364,0.0714,middle,0.093,0.8445,0.0625
C6,125,middle,middle,0.0,1.0,0.0,early,1.0,0.0,0.0,middle,0.2533,0.6567,0.09,middle,0.2569,0.6744,0.0686,middle,0.21,0.57,0.22,middle,0.2059,0.6706,0.1236,middle,0.2944,0.4041,0.3016,early,0.7722,0.1582,0.0696,middle,0.1521,0.6361,0.2118,early,0.8989,0.0424,0.0587,middle,0.0873,0.8456,0.0671,middle,0.0901,0.8503,0.0596
C6,126,middle,middle,0.0,1.0,0.0,early,1.0,0.0,0.0,middle,0.2867,0.6367,0.0767,middle,0.2263,0.7248,0.0488,middle,0.2525,0.58,0.1675,middle,0.1589,0.7568,0.0843,middle,0.2975,0.4204,0.2821,middle,0.1655,0.7345,0.1,middle,0.1131,0.7367,0.1502,early,0.8183,0.0849,0.0969,middle,0.076,0.8591,0.0649,middle,0.0815,0.86,0.0585
C6,127,middle,middle,0.0,1.0,0.0,early,1.0,0.0,0.0,middle,0.2933,0.5933,0.1133,middle,0.3597,0.5572,0.0832,middle,0.2675,0.545,0.1875,middle,0.2211,0.6622,0.1167,middle,0.3338,0.3786,0.2876,early,0.8835,0.0878,0.0287,middle,0.1449,0.646,0.2091,early,0.9076,0.0403,0.0522,middle,0.0906,0.8413,0.0681,middle,0.092,0.8476,0.0604
C6,128,middle,middle,0.0,1.0,0.0,early,1.0,0.0,0.0,middle,0.3033,0.59,0.1067,middle,0.3706,0.5615,0.0679,middle,0.24,0.5375,0.2225,middle,0.2115,0.6647,0.1239,middle,0.347,0.3992,0.2537,middle,0.1683,0.7547,0.077,middle,0.2074,0.4878,0.3048,early,0.7883,0.1137,0.098,middle,0.0788,0.8548,0.0664,middle,0.0837,0.8569,0.0595
C6,129,middle,middle,0.0,1.0,0.0,late,0.0,0.0,1.0,middle,0.2233,0.6567,0.12,middle,0.0951,0.8803,0.0246,middle,0.2675,0.6325,0.1,middle,0.1514,0.8352,0.0135,middle,0.2866,0.5314,0.182,middle,0.0593,0.9176,0.0231,middle,0.0793,0.8074,0.1132,early,0.5764,0.2866,0.137,middle,0.0648,0.8719,0.0633,middle,0.0722,0.8702,0.0577
C6,130,middle,middle,0.0,1.0,0.0,late,0.0,0.0,1.0,middle,0.16,0.7333,0.1067,middle,0.1204,0.8555,0.024,middle,0.185,0.695,0.12,middle,0.0066,0.9902,0.0032,middle,0.2061,0.6686,0.1253,middle,0.0294,0.9566,0.014,middle,0.0189,0.9595,0.0216,middle,0.2665,0.6209,0.1125,middle,0.0596,0.8827,0.0578,middle,0.0695,0.8766,0.0539
C6,131,middle,middle,0.0,1.0,0.0,early,1.0,0.0,0.0,middle,0.16,0.7933,0.0467,middle,0.1084,0.8711,0.0205,middle,0.195,0.69,0.115,middle,0.0065,0.9903,0.0033,middle,0.2219,0.6335,0.1446,middle,0.0056,0.9923,0.0021,middle,0.0015,0.9972,0.0013,middle,0.0327,0.9218,0.0455,middle,0.0506,0.8975,0.0519,middle,0.063,0.8872,0.0498
C6,132,middle,middle,0.0,1.0,0.0,early,1.0,0.0,0.0,middle,0.0533,0.88,0.0667,middle,0.0644,0.9214,0.0142,middle,0.135,0.7275,0.1375,middle,0.0044,0.9923,0.0033,middle,0.2319,0.6281,0.14,middle,0.0055,0.9922,0.0023,middle,0.0003,0.9995,0.0002,middle,0.0134,0.9654,0.0212,middle,0.0469,0.9067,0.0463,middle,0.0614,0.8929,0.0457
C6,133,middle,middle,0.0,1.0,0.0,early,1.0,0.0,0.0,middle,0.0433,0.89,0.0667,middle,0.0724,0.9114,0.0163,middle,0.12,0.7375,0.1425,middle,0.0028,0.994,0.0032,middle,0.1913,0.667,0.1417,middle,0.0003,0.9996,1e-04,middle,1e-04,0.9998,1e-04,middle,0.0059,0.9839,0.0103,middle,0.0394,0.9216,0.039,middle,0.056,0.9038,0.0402
C6,134,middle,middle,0.0,1.0,0.0,early,1.0,0.0,0.0,middle,0.0467,0.88,0.0733,middle,0.07,0.9138,0.0162,middle,0.115,0.7275,0.1575,middle,0.0029,0.9938,0.0032,middle,0.2101,0.6334,0.1565,middle,0.0005,0.9994,1e-04,middle,0.0,0.9999,0.0,middle,0.0039,0.9892,0.0069,middle,0.0377,0.9262,0.0361,middle,0.0557,0.9064,0.0379
C6,135,middle,middle,0.0,1.0,0.0,early,1.0,0.0,0.0,middle,0.0567,0.8867,0.0567,middle,0.0603,0.926,0.0137,middle,0.1225,0.74,0.1375,middle,0.0029,0.9938,0.0032,middle,0.214,0.6428,0.1432,middle,0.0,1.0,0.0,middle,0.0,1.0,0.0,middle,0.0028,0.9922,0.005,middle,0.0339,0.934,0.0321,middle,0.0535,0.9117,0.0348
C6,136,middle,middle,0.0,1.0,0.0,late,0.0,0.0,1.0,middle,0.0333,0.8233,0.1433,middle,0.0604,0.9245,0.0151,middle,0.1075,0.7475,0.145,middle,0.0028,0.994,0.0032,middle,0.1824,0.672,0.1456,middle,0.0,1.0,0.0,middle,0.0,1.0,0.0,middle,0.0024,0.9934,0.0043,middle,0.0331,0.9362,0.0307,middle,0.0534,0.9129,0.0336
C6,137,middle,middle,0.0,1.0,0.0,early,1.0,0.0,0.0,middle,0.0333,0.91,0.0567,middle,0.0321,0.9599,0.008,middle,0.115,0.7325,0.1525,middle,0.0028,0.994,0.0032,middle,0.1939,0.6647,0.1413,middle,0.0,1.0,0.0,middle,0.0,1.0,0.0,middle,0.0019,0.9947,0.0034,middle,0.0301,0.9421,0.0278,middle,0.0516,0.9173,0.0312
C6,138,middle,middle,0.0,1.0,0.0,late,0.0,0.0,1.0,middle,0.0233,0.84,0.1367,middle,0.0369,0.9517,0.0113,middle,0.09,0.7425,0.1675,middle,0.0028,0.994,0.0032,middle,0.1935,0.6413,0.1652,middle,0.0,1.0,0.0,middle,0.0,1.0,0.0,middle,0.0017,0.9953,0.0031,middle,0.0298,0.9425,0.0277,middle,0.0512,0.9178,0.0311
C6,139,middle,middle,0.0,1.0,0.0,early,1.0,0.0,0.0,middle,0.0267,0.92,0.0533,middle,0.0294,0.9612,0.0094,middle,0.1075,0.735,0.1575,middle,0.0028,0.994,0.0032,middle,0.1863,0.6564,0.1573,middle,0.0,1.0,0.0,middle,0.0,1.0,0.0,middle,0.0015,0.9957,0.0028,middle,0.0283,0.9458,0.0259,middle,0.0504,0.92,0.0296
C6,140,middle,middle,0.0,1.0,0.0,late,0.0,0.0,1.0,middle,0.4167,0.5,0.0833,middle,0.3857,0.5986,0.0157,middle,0.4325,0.46,0.1075,early,0.8078,0.1833,0.0088,middle,0.364,0.4881,0.1479,middle,0.0,1.0,0.0,middle,0.0,1.0,0.0,middle,0.0016,0.9958,0.0026,middle,0.0288,0.9457,0.0255,middle,0.0517,0.9191,0.0292
C6,141,middle,middle,0.0,1.0,0.0,early,1.0,0.0,0.0,middle,0.0233,0.9167,0.06,middle,0.0211,0.9725,0.0063,middle,0.1025,0.7375,0.16,middle,0.0028,0.994,0.0033,middle,0.1721,0.6607,0.1672,middle,0.0,1.0,0.0,middle,0.0,1.0,0.0,middle,0.0014,0.9961,0.0025,middle,0.0277,0.9474,0.0249,middle,0.0504,0.9209,0.0287
C6,142,middle,middle,0.0,1.0,0.0,early,1.0,0.0,0.0,middle,0.0267,0.92,0.0533,middle,0.0213,0.9726,0.0061,middle,0.11,0.7325,0.1575,middle,0.0028,0.994,0.0032,middle,0.1914,0.6465,0.1622,middle,0.0,1.0,0.0,middle,0.0,1.0,0.0,middle,0.0014,0.9961,0.0025,middle,0.0277,0.9475,0.0248,middle,0.0504,0.9209,0.0286
C6,143,middle,middle,0.0,1.0,0.0,early,1.0,0.0,0.0,middle,0.0233,0.92,0.0567,middle,0.0244,0.9683,0.0073,middle,0.11,0.7425,0.1475,middle,0.0028,0.994,0.0032,middle,0.194,0.6356,0.1705,middle,0.0,1.0,0.0,middle,0.0,1.0,0.0,middle,0.0013,0.9962,0.0025,middle,0.0273,0.9479,0.0248,middle,0.0498,0.9215,0.0286
C6,144,middle,middle,0.0,1.0,0.0,early,1.0,0.0,0.0,middle,0.0233,0.92,0.0567,middle,0.0253,0.9664,0.0083,middle,0.0975,0.7325,0.17,middle,0.0028,0.994,0.0032,middle,0.1844,0.6211,0.1945,middle,0.0,1.0,0.0,middle,0.0,1.0,0.0,middle,0.0014,0.9961,0.0025,middle,0.0278,0.9469,0.0252,middle,0.0501,0.9209,0.029
C6,145,middle,middle,0.0,1.0,0.0,early,1.0,0.0,0.0,middle,0.03,0.9167,0.0533,middle,0.0271,0.9649,0.0081,middle,0.1075,0.735,0.1575,middle,0.0028,0.994,0.0032,middle,0.1738,0.6544,0.1719,middle,0.0,1.0,0.0,middle,0.0,1.0,0.0,middle,0.0013,0.9964,0.0024,middle,0.0273,0.9478,0.025,middle,0.0495,0.9217,0.0288
C6,146,middle,middle,0.0,1.0,0.0,early,1.0,0.0,0.0,middle,0.0333,0.9133,0.0533,middle,0.0168,0.9777,0.0055,middle,0.115,0.7325,0.1525,middle,0.0028,0.994,0.0032,middle,0.2064,0.6242,0.1694,middle,0.0,1.0,0.0,middle,0.0,1.0,0.0,middle,0.0013,0.9964,0.0024,middle,0.0272,0.9481,0.0247,middle,0.0496,0.9218,0.0286
C6,147,middle,middle,0.0,1.0,0.0,early,1.0,0.0,0.0,middle,0.0333,0.9167,0.05,middle,0.0391,0.9476,0.0134,middle,0.1075,0.7225,0.17,middle,0.0028,0.994,0.0032,middle,0.1998,0.631,0.1693,middle,0.0,1.0,0.0,middle,0.0,1.0,0.0,middle,0.0013,0.9964,0.0023,middle,0.027,0.948,0.025,middle,0.049,0.9221,0.0289
C6,148,middle,middle,0.0,1.0,0.0,early,1.0,0.0,0.0,middle,0.03,0.92,0.05,middle,0.0156,0.9782,0.0062,middle,0.1,0.7425,0.1575,middle,0.0025,0.9944,0.0031,middle,0.1818,0.6695,0.1487,middle,0.0,1.0,0.0,middle,0.0,1.0,0.0,middle,0.0013,0.9965,0.0023,middle,0.027,0.948,0.0251,middle,0.0489,0.9222,0.0289
C6,149,middle,middle,0.0,1.0,0.0,early,1.0,0.0,0.0,middle,0.0233,0.9267,0.05,middle,0.0213,0.9721,0.0066,middle,0.105,0.7325,0.1625,middle,0.0028,0.994,0.0032,middle,0.1869,0.6721,0.1411,middle,0.0,1.0,0.0,middle,0.0,1.0,0.0,middle,0.0012,0.9966,0.0022,middle,0.0269,0.9481,0.025,middle,0.0487,0.9224,0.0289
C6,150,middle,middle,0.0,1.0,0.0,early,1.0,0.0,0.0,early,0.56,0.41,0.03,early,0.7101,0.2782,0.0117,early,0.53,0.3825,0.0875,early,0.9075,0.0871,0.0054,early,0.5423,0.2932,0.1645,middle,0.0,1.0,0.0,middle,0.0,1.0,0.0,middle,0.0014,0.9962,0.0024,middle,0.0282,0.9464,0.0255,middle,0.0506,0.9202,0.0292
C6,151,middle,middle,0.0,1.0,0.0,early,1.0,0.0,0.0,middle,0.0267,0.92,0.0533,middle,0.0255,0.9661,0.0085,middle,0.0975,0.7325,0.17,middle,0.0026,0.9942,0.0032,middle,0.14,0.6876,0.1724,middle,0.0,1.0,0.0,middle,0.0,1.0,0.0,middle,0.0012,0.9965,0.0022,middle,0.0274,0.9472,0.0254,middle,0.0493,0.9216,0.0291
C6,152,middle,middle,0.0,1.0,0.0,early,1.0,0.0,0.0,middle,0.0267,0.92,0.0533,middle,0.0183,0.9759,0.0058,middle,0.1,0.7425,0.1575,middle,0.0025,0.9944,0.0031,middle,0.1548,0.7033,0.1418,middle,0.0,1.0,0.0,middle,0.0,1.0,0.0,middle,0.0012,0.9966,0.0022,middle,0.0274,0.9476,0.025,middle,0.0497,0.9215,0.0288
C6,153,middle,middle,0.0,1.0,0.0,early,1.0,0.0,0.0,middle,0.0367,0.8767,0.0867,middle,0.0238,0.966,0.0102,middle,0.095,0.7275,0.1775,middle,0.0042,0.9908,0.005,middle,0.2009,0.5425,0.2566,middle,0.0,1.0,0.0,middle,0.0,1.0,0.0,middle,0.0012,0.9966,0.0022,middle,0.0276,0.9465,0.0259,middle,0.0491,0.9214,0.0296
C6,154,middle,middle,0.0,1.0,0.0,early,1.0,0.0,0.0,middle,0.0233,0.8933,0.0833,middle,0.025,0.9648,0.0102,middle,0.09,0.7325,0.1775,middle,0.0026,0.9942,0.0032,middle,0.2002,0.5544,0.2454,middle,0.0,1.0,0.0,middle,0.0,1.0,0.0,middle,0.0013,0.9962,0.0025,middle,0.0283,0.9453,0.0264,middle,0.0494,0.9205,0.0301
C6,155,middle,middle,0.0,1.0,0.0,early,1.0,0.0,0.0,middle,0.02,0.9067,0.0733,middle,0.0227,0.9677,0.0096,middle,0.0825,0.7275,0.19,middle,0.0029,0.9938,0.0033,middle,0.1903,0.5531,0.2566,middle,0.0,1.0,0.0,middle,0.0,1.0,0.0,middle,0.0013,0.9964,0.0024,middle,0.0283,0.9445,0.0272,middle,0.0488,0.9204,0.0308
C6,156,middle,middle,0.0,1.0,0.0,early,1.0,0.0,0.0,middle,0.02,0.9067,0.0733,middle,0.0191,0.9731,0.0078,middle,0.095,0.725,0.18,middle,0.0031,0.9931,0.0038,middle,0.1912,0.5175,0.2914,middle,0.0,1.0,0.0,middle,0.0,1.0,0.0,middle,0.0013,0.9963,0.0024,middle,0.0283,0.9448,0.027,middle,0.0489,0.9206,0.0306
C6,157,middle,middle,0.0,1.0,0.0,early,1.0,0.0,0.0,middle,0.02,0.91,0.07,middle,0.0189,0.9732,0.0079,middle,0.0925,0.73,0.1775,middle,0.0038,0.991,0.0052,middle,0.1878,0.5349,0.2773,middle,0.0,1.0,0.0,middle,0.0,1.0,0.0,middle,0.0013,0.9963,0.0024,middle,0.0289,0.9428,0.0282,middle,0.0489,0.9195,0.0317
C6,158,middle,middle,0.0,1.0,0.0,early,1.0,0.0,0.0,middle,0.0133,0.9133,0.0733,middle,0.0145,0.9795,0.006,middle,0.085,0.735,0.18,middle,0.0027,0.9934,0.0038,middle,0.1567,0.5091,0.3342,middle,0.0,1.0,0.0,middle,0.0,1.0,0.0,middle,0.0014,0.9959,0.0026,middle,0.0289,0.9427,0.0284,middle,0.0486,0.9196,0.0318
C6,159,middle,middle,0.0,1.0,0.0,early,1.0,0.0,0.0,middle,0.0167,0.92,0.0633,middle,0.0095,0.9867,0.0038,middle,0.09,0.7375,0.1725,middle,0.0027,0.9934,0.0038,middle,0.137,0.6045,0.2585,middle,0.0,1.0,0.0,middle,0.0,1.0,0.0,middle,0.0013,0.9963,0.0024,middle,0.0291,0.9427,0.0281,middle,0.0493,0.9191,0.0316
C6,160,middle,middle,0.0,1.0,0.0,early,1.0,0.0,0.0,middle,0.0367,0.93,0.0333,middle,0.0038,0.9944,0.0018,middle,0.0825,0.7825,0.135,middle,0.0026,0.994,0.0035,middle,0.1256,0.7053,0.1691,middle,0.0,1.0,0.0,middle,0.0,1.0,0.0,middle,0.0012,0.9964,0.0023,middle,0.0285,0.9442,0.0272,middle,0.0491,0.9201,0.0308
C6,161,middle,middle,0.0,1.0,0.0,late,0.0,0.0,1.0,middle,0.26,0.59,0.15,middle,0.1144,0.8111,0.0745,middle,0.285,0.49,0.225,middle,0.2815,0.6703,0.0482,late,0.2142,0.1868,0.5989,middle,0.0,1.0,0.0,middle,0.0,1.0,0.0,middle,0.0013,0.9959,0.0028,middle,0.0287,0.9379,0.0334,middle,0.0449,0.9191,0.0361
C6,162,middle,middle,0.0,1.0,0.0,late,0.0,0.0,1.0,middle,0.0567,0.76,0.1833,middle,0.0526,0.9238,0.0237,middle,0.1225,0.67,0.2075,middle,0.0573,0.8856,0.0571,middle,0.2201,0.4319,0.348,middle,0.0,1.0,0.0,middle,0.0,1.0,0.0,middle,0.0013,0.9962,0.0026,middle,0.0285,0.9395,0.032,middle,0.0456,0.9195,0.0349
C6,163,middle,middle,0.0,1.0,0.0,late,0.0,0.0,1.0,middle,0.06,0.8067,0.1333,middle,0.0222,0.9693,0.0084,middle,0.11,0.725,0.165,middle,0.0031,0.9937,0.0032,middle,0.2382,0.5149,0.2469,middle,0.0,1.0,0.0,middle,0.0,1.0,0.0,middle,0.0013,0.9961,0.0026,middle,0.0285,0.9395,0.0321,middle,0.0454,0.9196,0.035
C6,164,middle,middle,0.0,1.0,0.0,late,0.0,0.0,1.0,middle,0.0533,0.74,0.2067,middle,0.0517,0.9166,0.0317,middle,0.1125,0.66,0.2275,middle,0.0201,0.9574,0.0225,late,0.1993,0.3999,0.4008,middle,0.0,1.0,0.0,middle,0.0,1.0,0.0,middle,0.0012,0.9962,0.0026,middle,0.0293,0.9361,0.0347,middle,0.0453,0.9176,0.0371
C6,165,middle,middle,0.0,1.0,0.0,late,0.0,0.0,1.0,middle,0.0933,0.7,0.2067,middle,0.0585,0.9128,0.0287,middle,0.12,0.635,0.245,middle,0.082,0.8294,0.0886,middle,0.2141,0.4146,0.3713,middle,0.0,1.0,0.0,middle,0.0,0.9999,0.0,middle,0.0014,0.9955,0.0031,middle,0.0292,0.9344,0.0364,middle,0.0443,0.9172,0.0386
C6,166,middle,middle,0.0,1.0,0.0,late,0.0,0.0,1.0,middle,0.0467,0.72,0.2333,middle,0.0625,0.906,0.0315,middle,0.1125,0.6625,0.225,middle,0.0549,0.8803,0.0649,late,0.1957,0.3996,0.4047,middle,0.0,1.0,0.0,middle,0.0,0.9999,0.0,middle,0.0013,0.9957,0.003,middle,0.0303,0.93,0.0396,middle,0.0445,0.9144,0.0411
C6,167,middle,middle,0.0,1.0,0.0,late,0.0,0.0,1.0,middle,0.08,0.7,0.22,middle,0.0705,0.8971,0.0324,middle,0.12,0.645,0.235,middle,0.0668,0.8579,0.0753,middle,0.2085,0.4027,0.3888,middle,0.0,1.0,0.0,middle,0.0,0.9999,0.0,middle,0.0014,0.9954,0.0032,middle,0.03,0.9278,0.0422,middle,0.0432,0.9136,0.0432
C6,168,middle,middle,0.0,1.0,0.0,late,0.0,0.0,1.0,middle,0.0733,0.6867,0.24,middle,0.0702,0.8859,0.0439,middle,0.12,0.6375,0.2425,middle,0.0699,0.8479,0.0822,late,0.2109,0.3208,0.4683,middle,1e-04,0.9999,0.0,middle,0.0,0.9999,0.0,middle,0.0013,0.9952,0.0035,middle,0.0323,0.9169,0.0508,middle,0.0432,0.9069,0.0498
C6,169,middle,middle,0.0,1.0,0.0,late,0.0,0.0,1.0,middle,0.08,0.6733,0.2467,middle,0.0656,0.8876,0.0467,middle,0.12,0.5725,0.3075,middle,0.085,0.7232,0.1918,late,0.2093,0.296,0.4947,middle,0.0,0.9999,0.0,middle,1e-04,0.9999,1e-04,middle,0.0018,0.9917,0.0065,middle,0.0349,0.8996,0.0654,middle,0.0432,0.8963,0.0605
C6,170,middle,middle,0.0,1.0,0.0,late,0.0,0.0,1.0,middle,0.0867,0.6733,0.24,middle,0.0856,0.869,0.0454,middle,0.12,0.6325,0.2475,middle,0.0779,0.8311,0.091,late,0.2138,0.3073,0.4788,middle,0.0002,0.9995,0.0003,middle,1e-04,0.9998,1e-04,middle,0.0021,0.9891,0.0088,middle,0.0392,0.8701,0.0907,middle,0.0447,0.8776,0.0777
C6,171,middle,middle,0.0,1.0,0.0,late,0.0,0.0,1.0,middle,0.07,0.7,0.23,middle,0.0728,0.8884,0.0388,middle,0.1225,0.645,0.2325,middle,0.0707,0.8483,0.081,late,0.2064,0.3327,0.4609,middle,0.0002,0.9997,0.0002,middle,0.0003,0.9994,0.0003,middle,0.0028,0.9819,0.0154,middle,0.0426,0.8378,0.1195,middle,0.0459,0.8581,0.096
C6,172,middle,middle,0.0,1.0,0.0,late,0.0,0.0,1.0,middle,0.25,0.6267,0.1233,middle,0.1502,0.8302,0.0196,middle,0.2825,0.565,0.1525,middle,0.0305,0.9595,0.0099,middle,0.3934,0.4307,0.1759,middle,0.0011,0.9981,0.0008,middle,0.0038,0.9917,0.0045,middle,0.0036,0.9715,0.0249,middle,0.0468,0.8151,0.1381,middle,0.0484,0.8446,0.107
C6,173,middle,middle,0.0,1.0,0.0,late,0.0,0.0,1.0,middle,0.0567,0.74,0.2033,middle,0.0642,0.9037,0.0321,middle,0.1225,0.6575,0.22,middle,0.0202,0.9561,0.0237,late,0.2041,0.3733,0.4226,middle,0.0009,0.9975,0.0016,middle,0.0079,0.977,0.0151,middle,0.0036,0.9703,0.0261,middle,0.0474,0.7957,0.1569,middle,0.048,0.8337,0.1183
C6,174,middle,middle,0.0,1.0,0.0,late,0.0,0.0,1.0,middle,0.0967,0.6767,0.2267,middle,0.0843,0.8743,0.0414,middle,0.12,0.63,0.25,middle,0.089,0.8114,0.0996,late,0.224,0.3357,0.4404,middle,0.0022,0.9943,0.0034,middle,0.0116,0.9492,0.0393,middle,0.0047,0.9512,0.0441,middle,0.0505,0.7624,0.187,middle,0.0496,0.8151,0.1353
C6,175,middle,middle,0.0,1.0,0.0,late,0.0,0.0,1.0,middle,0.07,0.7167,0.2133,middle,0.0735,0.8961,0.0304,middle,0.1175,0.6575,0.225,middle,0.057,0.8797,0.0633,late,0.2045,0.3768,0.4188,middle,0.0021,0.9944,0.0035,late,0.0318,0.4162,0.552,middle,0.0085,0.8487,0.1427,middle,0.0521,0.7123,0.2356,middle,0.0496,0.7884,0.1621
C6,176,middle,late,0.0,0.0,1.0,late,0.0,0.0,1.0,middle,0.07,0.72,0.21,middle,0.0586,0.9161,0.0253,middle,0.115,0.655,0.23,middle,0.0707,0.8483,0.081,late,0.2156,0.3913,0.3931,middle,0.0028,0.994,0.0032,late,0.0295,0.3705,0.6,middle,0.0074,0.888,0.1046,middle,0.0526,0.7474,0.2,middle,0.0507,0.8065,0.1428
C6,177,middle,late,0.0,0.0,1.0,late,0.0,0.0,1.0,middle,0.0467,0.79,0.1633,middle,0.0592,0.9188,0.022,middle,0.12,0.685,0.195,middle,0.0179,0.9608,0.0213,middle,0.1847,0.4443,0.371,middle,0.0023,0.9943,0.0034,late,0.0251,0.3458,0.629,middle,0.0075,0.8781,0.1144,middle,0.0522,0.7213,0.2264,middle,0.0498,0.7929,0.1572
C6,178,middle,late,0.0,0.0,1.0,late,0.0,0.0,1.0,middle,0.0733,0.7333,0.1933,middle,0.0644,0.9045,0.0311,middle,0.1025,0.6475,0.25,middle,0.0642,0.8538,0.0821,late,0.1945,0.3627,0.4428,middle,0.0034,0.9918,0.0049,late,0.0213,0.3013,0.6774,middle,0.0072,0.8889,0.1039,middle,0.0517,0.7435,0.2047,middle,0.05,0.8045,0.1455
C6,179,middle,late,0.0,0.0,1.0,late,0.0,0.0,1.0,middle,0.0333,0.7867,0.18,middle,0.0468,0.9348,0.0184,middle,0.0925,0.6925,0.215,middle,0.018,0.96,0.022,middle,0.1688,0.4326,0.3986,middle,0.0015,0.9969,0.0016,late,0.0183,0.2379,0.7438,middle,0.006,0.9229,0.071,middle,0.0493,0.766,0.1847,middle,0.0487,0.8169,0.1344
C6,180,middle,late,0.0,0.0,1.0,late,0.0,0.0,1.0,middle,0.0367,0.8167,0.1467,middle,0.037,0.95,0.013,middle,0.1125,0.69,0.1975,middle,0.0175,0.961,0.0215,middle,0.171,0.5133,0.3157,middle,0.0018,0.9967,0.0015,middle,0.0199,0.494,0.4861,middle,0.0039,0.9667,0.0294,middle,0.0463,0.8162,0.1376,middle,0.0479,0.845,0.1071
C6,181,middle,late,0.0,0.0,1.0,late,0.0,0.0,1.0,middle,0.0233,0.8367,0.14,middle,0.0334,0.9546,0.012,middle,0.1,0.7025,0.1975,middle,0.0036,0.9919,0.0044,middle,0.1748,0.4778,0.3474,middle,0.0007,0.9988,0.0006,middle,0.0119,0.8404,0.1477,middle,0.0024,0.9864,0.0113,middle,0.0432,0.8377,0.1191,middle,0.0463,0.8578,0.0959
C6,182,middle,late,0.0,0.0,1.0,late,0.0,0.0,1.0,middle,0.0233,0.8433,0.1333,middle,0.0351,0.9542,0.0107,middle,0.1,0.7,0.2,middle,0.0029,0.9939,0.0033,middle,0.1602,0.5641,0.2757,middle,0.0009,0.9984,0.0007,middle,0.0053,0.9633,0.0314,middle,0.0021,0.9892,0.0087,middle,0.0417,0.8531,0.1051,middle,0.0459,0.8671,0.0871
C6,183,middle,late,0.0,0.0,1.0,late,0.0,0.0,1.0,middle,0.4167,0.4567,0.1267,middle,0.3993,0.5614,0.0393,middle,0.3925,0.4425,0.165,early,0.6699,0.2864,0.0437,early,0.5631,0.2474,0.1895,middle,0.0005,0.9992,0.0003,middle,0.0037,0.9912,0.0051,middle,0.0021,0.9914,0.0065,middle,0.042,0.8618,0.0961,middle,0.0467,0.8722,0.0811
C6,184,middle,late,0.0,0.0,1.0,late,0.0,0.0,1.0,middle,0.03,0.8333,0.1367,middle,0.0312,0.9574,0.0114,middle,0.0975,0.7,0.2025,middle,0.0026,0.9942,0.0032,middle,0.1293,0.529,0.3417,middle,0.0005,0.9991,0.0004,middle,0.0109,0.9538,0.0354,middle,0.0017,0.9929,0.0054,middle,0.0415,0.8575,0.1011,middle,0.0459,0.8698,0.0844
C6,185,middle,late,0.0,0.0,1.0,late,0.0,0.0,1.0,middle,0.0133,0.8467,0.14,middle,0.0275,0.9637,0.0088,middle,0.095,0.7,0.205,middle,0.0026,0.9942,0.0032,middle,0.141,0.5938,0.2652,middle,0.0003,0.9996,1e-04,middle,0.0034,0.9877,0.0089,middle,0.0016,0.9941,0.0043,middle,0.0383,0.8857,0.076,middle,0.0453,0.887,0.0678
C6,186,middle,late,0.0,0.0,1.0,late,0.0,0.0,1.0,middle,0.0133,0.8333,0.1533,middle,0.0284,0.9629,0.0087,middle,0.0925,0.705,0.2025,middle,0.0029,0.9939,0.0033,middle,0.1399,0.5878,0.2723,middle,0.0002,0.9997,1e-04,middle,0.0011,0.9968,0.0021,middle,0.0013,0.9955,0.0032,middle,0.0347,0.9066,0.0586,middle,0.0443,0.9001,0.0556
C6,187,middle,late,0.0,0.0,1.0,late,0.0,0.0,1.0,middle,0.03,0.8233,0.1467,middle,0.0235,0.9671,0.0094,middle,0.0975,0.6625,0.24,middle,0.0027,0.9942,0.0032,middle,0.1547,0.4807,0.3646,middle,0.0002,0.9997,1e-04,middle,0.0007,0.9981,0.0012,middle,0.0014,0.9953,0.0032,middle,0.0349,0.9094,0.0557,middle,0.0452,0.9015,0.0534
C6,188,middle,late,0.0,0.0,1.0,late,0.0,0.0,1.0,middle,0.0233,0.8233,0.1533,middle,0.0215,0.9715,0.007,middle,0.0875,0.67,0.2425,middle,0.0029,0.993,0.0041,middle,0.1161,0.6256,0.2583,middle,1e-04,0.9999,0.0,middle,0.0003,0.9993,0.0004,middle,0.0012,0.9963,0.0025,middle,0.032,0.9204,0.0476,middle,0.044,0.9086,0.0473
C6,189,middle,late,0.0,0.0,1.0,late,0.0,0.0,1.0,middle,0.0267,0.8233,0.15,middle,0.0223,0.9707,0.007,middle,0.09,0.6825,0.2275,middle,0.0029,0.9927,0.0045,middle,0.1231,0.5751,0.3017,middle,1e-04,0.9999,0.0,middle,0.0002,0.9996,0.0002,middle,0.0012,0.9963,0.0025,middle,0.0316,0.9244,0.0441,middle,0.0445,0.9109,0.0446
C6,190,middle,late,0.0,0.0,1.0,late,0.0,0.0,1.0,middle,0.01,0.8367,0.1533,middle,0.0226,0.9713,0.0062,middle,0.0825,0.6525,0.265,middle,0.0026,0.993,0.0044,middle,0.0895,0.5986,0.3119,middle,0.0,1.0,0.0,middle,1e-04,0.9999,1e-04,middle,0.0011,0.9967,0.0022,middle,0.0297,0.9309,0.0394,middle,0.0439,0.9151,0.041
C6,191,middle,late,0.0,0.0,1.0,early,1.0,0.0,0.0,middle,0.0067,0.9233,0.07,middle,0.0116,0.9852,0.0032,middle,0.085,0.6775,0.2375,middle,0.0031,0.9915,0.0053,middle,0.0823,0.7802,0.1375,middle,0.0,1.0,0.0,middle,0.0,0.9999,0.0,middle,0.0011,0.9966,0.0023,middle,0.0297,0.9339,0.0364,middle,0.045,0.9164,0.0386
C6,192,middle,late,0.0,0.0,1.0,early,1.0,0.0,0.0,middle,0.01,0.92,0.07,middle,0.0102,0.987,0.0028,middle,0.0825,0.6975,0.22,middle,0.0031,0.9918,0.0051,middle,0.0636,0.8358,0.1007,middle,0.0,1.0,0.0,middle,0.0,1.0,0.0,middle,0.001,0.9971,0.0019,middle,0.0281,0.939,0.0329,middle,0.0445,0.9198,0.0357
C6,193,middle,late,0.0,0.0,1.0,late,0.0,0.0,1.0,middle,0.04,0.7867,0.1733,middle,0.0281,0.957,0.015,middle,0.1225,0.715,0.1625,middle,0.0026,0.9944,0.0031,late,0.1617,0.2332,0.6051,middle,0.0,1.0,0.0,middle,0.0,1.0,0.0,middle,0.0009,0.9971,0.0019,middle,0.0271,0.9385,0.0345,middle,0.0423,0.9207,0.0371
C6,194,middle,late,0.0,0.0,1.0,late,0.0,0.0,1.0,middle,0.0333,0.8333,0.1333,middle,0.0203,0.975,0.0048,middle,0.095,0.715,0.19,middle,0.0025,0.9944,0.0031,middle,0.0751,0.7803,0.1446,middle,0.0,1.0,0.0,middle,0.0,1.0,0.0,middle,0.0009,0.9973,0.0018,middle,0.0262,0.9429,0.031,middle,0.0427,0.9232,0.0342
C6,195,middle,late,0.0,0.0,1.0,late,0.0,0.0,1.0,middle,0.03,0.8367,0.1333,middle,0.0194,0.9763,0.0043,middle,0.0925,0.6675,0.24,middle,0.003,0.9924,0.0047,middle,0.0679,0.7862,0.1459,middle,0.0,1.0,0.0,middle,0.0,1.0,0.0,middle,0.0008,0.9975,0.0017,middle,0.0253,0.9455,0.0292,middle,0.0425,0.9249,0.0326
C6,196,middle,late,0.0,0.0,1.0,late,0.0,0.0,1.0,middle,0.0367,0.8333,0.13,middle,0.0225,0.9729,0.0046,middle,0.0925,0.6525,0.255,middle,0.0071,0.9792,0.0137,middle,0.0541,0.8253,0.1205,middle,0.0,1.0,0.0,middle,0.0,1.0,0.0,middle,0.0008,0.9976,0.0016,middle,0.0246,0.9483,0.027,middle,0.0428,0.9264,0.0307
C6,197,middle,late,0.0,0.0,1.0,late,0.0,0.0,1.0,middle,0.03,0.81,0.16,middle,0.0237,0.9716,0.0047,middle,0.08,0.6325,0.2875,middle,0.0087,0.9727,0.0186,middle,0.0511,0.8167,0.1322,middle,0.0,1.0,0.0,middle,0.0,1.0,0.0,middle,0.0008,0.9976,0.0016,middle,0.0238,0.9496,0.0266,middle,0.0419,0.9277,0.0304
C6,198,middle,late,0.0,0.0,1.0,late,0.0,0.0,1.0,middle,0.01,0.83,0.16,middle,0.021,0.9751,0.0039,middle,0.0775,0.65,0.2725,middle,0.0087,0.9722,0.0191,middle,0.0385,0.8607,0.1009,middle,0.0,1.0,0.0,middle,0.0,1.0,0.0,middle,0.0008,0.9977,0.0015,middle,0.0236,0.9513,0.0251,middle,0.0427,0.9283,0.0291
C6,199,middle,late,0.0,0.0,1.0,late,0.0,0.0,1.0,middle,0.0167,0.8067,0.1767,middle,0.0224,0.9734,0.0043,middle,0.085,0.6875,0.2275,middle,0.0078,0.975,0.0172,middle,0.0456,0.851,0.1033,middle,0.0,1.0,0.0,middle,0.0,1.0,0.0,middle,0.0007,0.9978,0.0015,middle,0.023,0.9527,0.0243,middle,0.0425,0.9292,0.0284
C6,200,middle,late,0.0,0.0,1.0,late,0.0,0.0,1.0,middle,0.0133,0.8167,0.17,middle,0.0215,0.9744,0.0041,middle,0.0775,0.6475,0.275,middle,0.0089,0.9707,0.0204,middle,0.0419,0.8531,0.105,middle,0.0,1.0,0.0,middle,0.0,1.0,0.0,middle,0.0007,0.9978,0.0014,middle,0.0228,0.9536,0.0236,middle,0.0427,0.9295,0.0278
C6,201,middle,late,0.0,0.0,1.0,late,0.0,0.0,1.0,middle,0.0133,0.83,0.1567,middle,0.0228,0.973,0.0042,middle,0.0725,0.64,0.2875,middle,0.009,0.9703,0.0207,middle,0.0428,0.8273,0.1299,middle,0.0,1.0,0.0,middle,0.0,1.0,0.0,middle,0.0007,0.9978,0.0014,middle,0.0224,0.9538,0.0237,middle,0.042,0.9301,0.0279
C6,202,middle,late,0.0,0.0,1.0,late,0.0,0.0,1.0,middle,0.0133,0.81,0.1767,middle,0.0234,0.9725,0.0041,middle,0.075,0.65,0.275,middle,0.0095,0.9688,0.0217,middle,0.0386,0.8577,0.1037,middle,0.0,1.0,0.0,middle,0.0,1.0,0.0,middle,0.0007,0.9979,0.0014,middle,0.0224,0.9543,0.0233,middle,0.0423,0.9302,0.0275
C6,203,middle,late,0.0,0.0,1.0,late,0.0,0.0,1.0,middle,0.0133,0.7633,0.2233,middle,0.0262,0.9687,0.0051,middle,0.07,0.6275,0.3025,middle,0.0099,0.9674,0.0227,middle,0.0443,0.7729,0.1828,middle,0.0,1.0,0.0,middle,0.0,1.0,0.0,middle,0.0007,0.9979,0.0014,middle,0.0224,0.9534,0.0242,middle,0.0416,0.9301,0.0283
C6,204,middle,late,0.0,0.0,1.0,late,0.0,0.0,1.0,middle,0.11,0.7367,0.1533,middle,0.1141,0.8595,0.0264,middle,0.16,0.6725,0.1675,middle,0.004,0.9913,0.0047,middle,0.1855,0.6939,0.1206,middle,0.0,1.0,0.0,middle,0.0,1.0,0.0,middle,0.0007,0.9978,0.0014,middle,0.0229,0.9531,0.024,middle,0.0427,0.9292,0.0281
C6,205,middle,late,0.0,0.0,1.0,late,0.0,0.0,1.0,middle,0.01,0.8333,0.1567,middle,0.0304,0.9616,0.0081,middle,0.0675,0.6175,0.315,middle,0.0101,0.9649,0.0251,middle,0.0464,0.7011,0.2525,middle,0.0,1.0,0.0,middle,0.0,1.0,0.0,middle,0.0007,0.9978,0.0014,middle,0.0229,0.9515,0.0256,middle,0.0412,0.9292,0.0296
C6,206,middle,late,0.0,0.0,1.0,late,0.0,0.0,1.0,middle,0.0167,0.7833,0.2,middle,0.0258,0.9692,0.005,middle,0.0675,0.6175,0.315,middle,0.0101,0.9654,0.0246,middle,0.0533,0.7653,0.1814,middle,0.0,1.0,0.0,middle,0.0,1.0,0.0,middle,0.0007,0.9978,0.0014,middle,0.0234,0.9511,0.0256,middle,0.0422,0.9283,0.0295
C6,207,middle,late,0.0,0.0,1.0,late,0.0,0.0,1.0,middle,0.01,0.82,0.17,middle,0.021,0.9747,0.0044,middle,0.0725,0.6225,0.305,middle,0.0101,0.9654,0.0246,middle,0.0521,0.7874,0.1605,middle,0.0,1.0,0.0,middle,0.0,1.0,0.0,middle,0.0007,0.9978,0.0015,middle,0.0237,0.9488,0.0275,middle,0.0413,0.9275,0.0312
C6,208,middle,late,0.0,0.0,1.0,late,0.0,0.0,1.0,middle,0.0233,0.7233,0.2533,middle,0.0247,0.9706,0.0047,middle,0.0775,0.625,0.2975,middle,0.0098,0.9661,0.024,middle,0.0449,0.812,0.1431,middle,0.0,1.0,0.0,middle,0.0,1.0,0.0,middle,0.0008,0.9977,0.0015,middle,0.0242,0.9483,0.0275,middle,0.042,0.9268,0.0312
C6,209,middle,late,0.0,0.0,1.0,late,0.0,0.0,1.0,middle,0.01,0.7933,0.1967,middle,0.0203,0.9757,0.004,middle,0.075,0.62,0.305,middle,0.0101,0.9653,0.0246,middle,0.0459,0.8148,0.1393,middle,0.0,1.0,0.0,middle,0.0,1.0,0.0,middle,0.0007,0.9978,0.0015,middle,0.0243,0.9449,0.0307,middle,0.0406,0.9255,0.0339
C6,210,middle,late,0.0,0.0,1.0,late,0.0,0.0,1.0,middle,0.02,0.6733,0.3067,middle,0.0249,0.9704,0.0047,middle,0.0775,0.615,0.3075,middle,0.0102,0.965,0.0248,middle,0.0471,0.8032,0.1498,middle,0.0,1.0,0.0,middle,0.0,1.0,0.0,middle,0.0008,0.9977,0.0015,middle,0.0247,0.9445,0.0308,middle,0.041,0.925,0.034
C6,211,middle,late,0.0,0.0,1.0,late,0.0,0.0,1.0,middle,0.0267,0.6567,0.3167,middle,0.0252,0.9697,0.0051,middle,0.0725,0.595,0.3325,middle,0.0103,0.9647,0.025,middle,0.0451,0.8085,0.1464,middle,0.0,1.0,0.0,middle,0.0,1.0,0.0,middle,0.0008,0.9977,0.0015,middle,0.025,0.941,0.034,middle,0.04,0.9233,0.0367
C6,212,middle,late,0.0,0.0,1.0,late,0.0,0.0,1.0,middle,0.0167,0.65,0.3333,middle,0.0242,0.9693,0.0065,middle,0.06,0.58,0.36,middle,0.0104,0.9644,0.0253,middle,0.0571,0.7282,0.2147,middle,0.0,1.0,0.0,middle,0.0,0.9999,0.0,middle,0.0008,0.9976,0.0016,middle,0.0257,0.9374,0.0369,middle,0.0398,0.9211,0.0391
C6,213,middle,late,0.0,0.0,1.0,late,0.0,0.0,1.0,middle,0.0167,0.6233,0.36,middle,0.0217,0.9729,0.0054,middle,0.0575,0.5975,0.345,middle,0.0102,0.9648,0.025,middle,0.0536,0.7483,0.1981,middle,0.0,1.0,0.0,middle,1e-04,0.9999,1e-04,middle,0.0008,0.9977,0.0015,middle,0.0265,0.9314,0.0421,middle,0.0392,0.9176,0.0432
C6,214,middle,late,0.0,0.0,1.0,late,0.0,0.0,1.0,middle,0.02,0.5633,0.4167,middle,0.0261,0.9671,0.0068,middle,0.0575,0.5725,0.37,middle,0.0104,0.9644,0.0253,middle,0.0512,0.7219,0.2269,middle,0.0,0.9999,1e-04,middle,0.0002,0.9994,0.0004,middle,0.0008,0.9976,0.0016,middle,0.0281,0.9216,0.0503,middle,0.0389,0.9115,0.0496
C6,215,middle,late,0.0,0.0,1.0,late,0.0,0.0,1.0,middle,0.26,0.5933,0.1467,middle,0.2211,0.7345,0.0444,middle,0.29,0.555,0.155,middle,0.1097,0.8413,0.049,middle,0.4183,0.5028,0.0789,middle,0.0,1.0,0.0,middle,0.0002,0.9995,0.0003,middle,0.0008,0.9976,0.0016,middle,0.0275,0.9291,0.0434,middle,0.0396,0.9162,0.0443
C6,216,middle,late,0.0,0.0,1.0,late,0.0,0.0,1.0,middle,0.02,0.5867,0.3933,middle,0.0492,0.9146,0.0362,middle,0.0575,0.5775,0.365,middle,0.0105,0.9632,0.0262,middle,0.0414,0.659,0.2996,middle,0.0006,0.9918,0.0076,middle,0.0064,0.9186,0.0749,middle,0.0008,0.9976,0.0017,middle,0.0315,0.8959,0.0726,middle,0.0392,0.8952,0.0657
C6,217,middle,late,0.0,0.0,1.0,late,0.0,0.0,1.0,middle,0.0167,0.6133,0.37,middle,0.0258,0.968,0.0062,middle,0.06,0.585,0.355,middle,0.0104,0.9642,0.0254,middle,0.0444,0.779,0.1766,middle,0.0,0.9999,0.0,middle,0.006,0.8819,0.1121,middle,0.0008,0.9976,0.0016,middle,0.0303,0.9106,0.0591,middle,0.0397,0.9042,0.056
C6,218,middle,late,0.0,0.0,1.0,late,0.0,0.0,1.0,middle,0.0233,0.58,0.3967,middle,0.0221,0.9701,0.0078,middle,0.0575,0.5575,0.385,middle,0.0105,0.9637,0.0257,middle,0.0548,0.6943,0.2509,middle,0.0033,0.6372,0.3595,middle,0.0085,0.5497,0.4418,middle,0.0008,0.9976,0.0016,middle,0.0328,0.8857,0.0815,middle,0.0397,0.8886,0.0717
C6,219,middle,late,0.0,0.0,1.0,late,0.0,0.0,1.0,middle,0.0167,0.57,0.4133,middle,0.0242,0.968,0.0078,middle,0.055,0.5675,0.3775,middle,0.0105,0.9637,0.0257,middle,0.052,0.7219,0.2261,middle,1e-04,0.9997,0.0002,late,0.0059,0.1466,0.8474,middle,0.0008,0.9974,0.0018,middle,0.0324,0.8955,0.072,middle,0.0405,0.8944,0.0652
C6,220,middle,late,0.0,0.0,1.0,late,0.0,0.0,1.0,middle,0.0167,0.5767,0.4067,middle,0.0231,0.9683,0.0086,middle,0.0625,0.545,0.3925,middle,0.0105,0.9625,0.027,middle,0.0474,0.7537,0.1989,late,0.0012,0.0207,0.9781,late,0.0029,0.0299,0.9672,middle,0.0008,0.9974,0.0018,middle,0.04,0.798,0.162,middle,0.0423,0.8366,0.1211
C6,221,middle,late,0.0,0.0,1.0,late,0.0,0.0,1.0,middle,0.02,0.5533,0.4267,middle,0.0236,0.9651,0.0113,middle,0.0575,0.4875,0.455,middle,0.0166,0.7497,0.2337,middle,0.0518,0.7019,0.2463,middle,0.0008,0.9924,0.0068,late,0.0012,0.0048,0.994,middle,0.0009,0.9972,0.0019,middle,0.0412,0.7824,0.1763,middle,0.0428,0.8276,0.1296
C6,222,middle,late,0.0,0.0,1.0,late,0.0,0.0,1.0,middle,0.0167,0.5333,0.45,middle,0.021,0.9687,0.0102,late,0.06,0.46,0.48,middle,0.0171,0.7052,0.2777,middle,0.0396,0.7098,0.2506,late,0.0005,0.0022,0.9973,late,0.0007,0.0018,0.9975,middle,0.0008,0.9972,0.0019,middle,0.0438,0.6569,0.2993,middle,0.0427,0.7613,0.196
C6,223,middle,late,0.0,0.0,1.0,late,0.0,0.0,1.0,middle,0.02,0.57,0.41,middle,0.0249,0.968,0.007,middle,0.0625,0.545,0.3925,middle,0.017,0.7116,0.2714,middle,0.0326,0.8062,0.1613,middle,0.005,0.6107,0.3843,late,0.0006,0.0016,0.9978,middle,0.0009,0.9969,0.0021,middle,0.0439,0.6602,0.2959,middle,0.0427,0.7621,0.1952
C6,224,middle,late,0.0,0.0,1.0,late,0.0,0.0,1.0,middle,0.02,0.5733,0.4067,middle,0.021,0.9708,0.0082,middle,0.0625,0.5275,0.41,middle,0.0168,0.7102,0.273,middle,0.0346,0.8001,0.1653,late,0.0002,0.0008,0.999,late,0.0006,0.0016,0.9978,middle,0.0008,0.9972,0.002,middle,0.0435,0.4805,0.476,middle,0.041,0.6712,0.2878
C6,225,late,late,0.0,0.0,1.0,late,0.0,0.0,1.0,late,0.01,0.49,0.5,middle,0.0151,0.8025,0.1824,late,0.0375,0.3875,0.575,middle,0.019,0.6681,0.3129,late,0.0454,0.0996,0.855,late,0.0005,0.0045,0.995,late,0.0003,0.0006,0.9991,middle,0.0009,0.9966,0.0025,late,0.0339,0.2138,0.7523,middle,0.034,0.5192,0.4468
C6,226,late,late,0.0,0.0,1.0,late,0.0,0.0,1.0,late,0.0067,0.47,0.5233,middle,0.0236,0.9321,0.0443,late,0.0375,0.45,0.5125,middle,0.0176,0.6855,0.2969,middle,0.0355,0.5506,0.4139,late,1e-04,1e-04,0.9998,late,0.0002,0.0004,0.9994,middle,0.0009,0.9966,0.0025,late,0.0273,0.1258,0.8469,late,0.0292,0.4294,0.5414
C6,227,late,late,0.0,0.0,1.0,late,0.0,0.0,1.0,late,0.01,0.47,0.52,middle,0.0226,0.9336,0.0438,late,0.0375,0.4475,0.515,middle,0.0177,0.6896,0.2927,middle,0.0385,0.5382,0.4234,late,1e-04,0.0002,0.9997,late,1e-04,0.0003,0.9996,middle,0.001,0.9953,0.0036,late,0.0176,0.043,0.9394,late,0.0214,0.2815,0.697
C6,228,late,late,0.0,0.0,1.0,late,0.0,0.0,1.0,late,0.0067,0.46,0.5333,middle,0.0234,0.9165,0.0601,late,0.0375,0.385,0.5775,middle,0.0186,0.6557,0.3258,middle,0.0428,0.5029,0.4542,late,0.0,0.0,1.0,late,1e-04,0.0002,0.9997,middle,0.0013,0.9919,0.0068,late,0.0163,0.0354,0.9483,late,0.0202,0.205,0.7748
C6,229,late,late,0.0,0.0,1.0,late,0.0,0.0,1.0,late,0.0067,0.46,0.5333,middle,0.0236,0.8727,0.1037,late,0.0375,0.2975,0.665,middle,0.0191,0.6458,0.3351,late,0.0423,0.4354,0.5223,late,0.0,0.0,1.0,late,1e-04,1e-04,0.9998,middle,0.0032,0.9556,0.0413,late,0.013,0.0203,0.9667,late,0.0171,0.1473,0.8356
C6,230,late,late,0.0,0.0,1.0,late,0.0,0.0,1.0,late,0.0067,0.45,0.5433,middle,0.0192,0.8612,0.1195,late,0.0275,0.285,0.6875,middle,0.0209,0.6128,0.3663,late,0.045,0.4107,0.5443,late,0.0,0.0,1.0,late,1e-04,1e-04,0.9998,middle,0.0075,0.7151,0.2774,late,0.0117,0.0154,0.9729,late,0.0159,0.1277,0.8564
C6,231,late,late,0.0,0.0,1.0,late,0.0,0.0,1.0,late,0.0067,0.4533,0.54,middle,0.0217,0.8416,0.1367,late,0.0275,0.2225,0.75,late,0.0011,0.0083,0.9906,late,0.0386,0.383,0.5785,late,0.0,0.0,1.0,late,1e-04,1e-04,0.9998,late,0.0057,0.0705,0.9238,late,0.0103,0.0117,0.978,late,0.0146,0.1165,0.8689
C6,232,late,late,0.0,0.0,1.0,late,0.0,0.0,1.0,late,0.0067,0.4433,0.55,middle,0.0201,0.7713,0.2086,late,0.03,0.1975,0.7725,late,0.0011,0.0029,0.9961,late,0.0471,0.3472,0.6057,late,0.0,0.0,1.0,late,1e-04,1e-04,0.9999,late,0.0022,0.0073,0.9905,late,0.0097,0.0098,0.9806,late,0.0139,0.1102,0.8759
C6,233,late,late,0.0,0.0,1.0,late,0.0,0.0,1.0,late,0.01,0.4467,0.5433,middle,0.0218,0.8334,0.1447,late,0.0275,0.2075,0.765,late,0.001,0.0252,0.9737,late,0.0416,0.3691,0.5893,late,0.0,0.0,1.0,late,1e-04,1e-04,0.9999,late,0.0015,0.0029,0.9957,late,0.009,0.0083,0.9828,late,0.0132,0.1045,0.8823
C6,234,late,late,0.0,0.0,1.0,late,0.0,0.0,1.0,late,0.01,0.4433,0.5467,middle,0.0217,0.8037,0.1747,late,0.0275,0.1875,0.785,late,0.001,0.0056,0.9933,late,0.0447,0.3947,0.5606,late,0.0,0.0,1.0,late,0.0,1e-04,0.9999,late,0.0013,0.002,0.9967,late,0.0087,0.0075,0.9838,late,0.013,0.1015,0.8855
C6,235,late,late,0.0,0.0,1.0,late,0.0,0.0,1.0,late,0.01,0.4167,0.5733,middle,0.0188,0.7712,0.21,late,0.0275,0.17,0.8025,late,0.0011,0.0052,0.9937,late,0.046,0.3275,0.6266,late,0.0,0.0,1.0,late,0.0,1e-04,0.9999,late,0.0012,0.0017,0.9971,late,0.0083,0.0069,0.9848,late,0.0126,0.098,0.8894
C6,236,late,late,0.0,0.0,1.0,late,0.0,0.0,1.0,middle,0.0167,0.5467,0.4367,middle,0.0935,0.8653,0.0412,late,0.075,0.45,0.475,middle,0.0201,0.8297,0.1502,middle,0.1415,0.7464,0.1121,late,0.0,0.0,1.0,late,0.0002,0.0003,0.9995,late,0.0012,0.0016,0.9972,late,0.0086,0.007,0.9844,late,0.013,0.0989,0.8881
C6,237,late,late,0.0,0.0,1.0,late,0.0,0.0,1.0,late,0.01,0.44,0.55,late,0.0277,0.4722,0.5001,late,0.0275,0.1825,0.79,late,0.001,0.0022,0.9967,late,0.0391,0.2629,0.698,late,0.0,0.0,1.0,late,1e-04,1e-04,0.9999,late,0.0011,0.0015,0.9973,late,0.0082,0.0065,0.9854,late,0.0125,0.0959,0.8916
C6,238,late,late,0.0,0.0,1.0,late,0.0,0.0,1.0,late,0.01,0.4433,0.5467,late,0.0177,0.6553,0.327,late,0.0325,0.19,0.7775,late,0.001,0.002,0.997,late,0.0507,0.3174,0.6319,late,0.0,0.0,1.0,late,0.0,1e-04,0.9999,late,0.0011,0.0015,0.9974,late,0.0083,0.0065,0.9853,late,0.0127,0.096,0.8914
C6,239,late,late,0.0,0.0,1.0,late,0.0,0.0,1.0,late,0.01,0.42,0.57,middle,0.0191,0.6806,0.3003,late,0.03,0.1875,0.7825,late,0.0011,0.0021,0.9968,late,0.0462,0.2924,0.6614,late,0.0,0.0,1.0,late,0.0,1e-04,0.9999,late,0.0011,0.0015,0.9974,late,0.0081,0.0062,0.9858,late,0.0124,0.0942,0.8934
C6,240,late,late,0.0,0.0,1.0,late,0.0,0.0,1.0,late,0.01,0.4033,0.5867,middle,0.0199,0.8293,0.1508,late,0.0425,0.205,0.7525,late,0.0011,0.0027,0.9962,late,0.0454,0.361,0.5936,late,0.0,0.0,1.0,late,0.0,1e-04,0.9999,late,0.0011,0.0015,0.9974,late,0.0084,0.0066,0.985,late,0.0128,0.0968,0.8904
C6,241,late,late,0.0,0.0,1.0,late,0.0,0.0,1.0,late,0.0133,0.4067,0.58,middle,0.0184,0.6915,0.2901,late,0.03,0.1825,0.7875,late,0.0011,0.002,0.9969,late,0.0576,0.3197,0.6227,late,0.0,0.0,1.0,late,0.0,1e-04,0.9999,late,0.0011,0.0015,0.9974,late,0.0081,0.0061,0.9858,late,0.0124,0.0939,0.8936
C6,242,late,late,0.0,0.0,1.0,late,0.0,0.0,1.0,late,0.0133,0.41,0.5767,late,0.0168,0.6194,0.3638,late,0.0275,0.1675,0.805,late,0.0011,0.0019,0.997,late,0.0529,0.2663,0.6809,late,0.0,0.0,1.0,late,0.0,1e-04,0.9999,late,0.0011,0.0015,0.9974,late,0.0082,0.0062,0.9856,late,0.0125,0.0947,0.8928
C6,243,late,late,0.0,0.0,1.0,late,0.0,0.0,1.0,late,0.01,0.3967,0.5933,late,0.0161,0.5677,0.4162,late,0.035,0.1775,0.7875,late,0.0011,0.0019,0.997,late,0.0588,0.2606,0.6806,late,0.0,0.0,1.0,late,0.0,0.0,0.9999,late,0.0011,0.0014,0.9975,late,0.0081,0.006,0.9859,late,0.0124,0.0937,0.8939
C6,244,late,late,0.0,0.0,1.0,late,0.0,0.0,1.0,late,0.01,0.3967,0.5933,late,0.0134,0.4613,0.5253,late,0.0325,0.1575,0.81,late,0.0011,0.0018,0.9971,late,0.0527,0.2085,0.7388,late,0.0,0.0,1.0,late,0.0,0.0,0.9999,late,0.0011,0.0014,0.9974,late,0.0082,0.0063,0.9855,late,0.0126,0.0955,0.8919
C6,245,late,late,0.0,0.0,1.0,late,0.0,0.0,1.0,late,0.0133,0.4067,0.58,late,0.0161,0.5529,0.431,late,0.0375,0.1825,0.78,late,0.0011,0.0019,0.997,late,0.0525,0.2627,0.6849,late,0.0,0.0,1.0,late,0.0,0.0,0.9999,late,0.0011,0.0014,0.9975,late,0.008,0.006,0.986,late,0.0124,0.0933,0.8944
C6,246,late,late,0.0,0.0,1.0,late,0.0,0.0,1.0,middle,0.07,0.6533,0.2767,middle,0.1375,0.7124,0.15,late,0.1425,0.4125,0.445,middle,0.0529,0.8013,0.1458,middle,0.3027,0.6047,0.0926,late,0.0,0.0,1.0,late,0.0002,0.0003,0.9994,late,0.0011,0.0015,0.9974,late,0.0086,0.0064,0.9849,late,0.0131,0.0968,0.8902
C6,247,late,late,0.0,0.0,1.0,late,0.0,0.0,1.0,late,0.0133,0.35,0.6367,late,0.0242,0.1897,0.7861,late,0.0325,0.1425,0.825,late,0.001,0.0017,0.9973,late,0.0408,0.1998,0.7594,late,0.0,0.0,1.0,late,1e-04,1e-04,0.9999,late,0.0011,0.0014,0.9975,late,0.008,0.0059,0.9861,late,0.0124,0.0929,0.8948
C6,248,late,late,0.0,0.0,1.0,late,0.0,0.0,1.0,late,0.0167,0.3867,0.5967,late,0.0162,0.5982,0.3855,late,0.035,0.17,0.795,late,0.0011,0.0019,0.997,late,0.0548,0.277,0.6682,late,0.0,0.0,1.0,late,0.0,1e-04,0.9999,late,0.0011,0.0014,0.9975,late,0.0081,0.0059,0.986,late,0.0125,0.093,0.8945
C6,249,late,late,0.0,0.0,1.0,late,0.0,0.0,1.0,late,0.0133,0.37,0.6167,late,0.0116,0.4099,0.5785,late,0.035,0.145,0.82,late,0.001,0.0017,0.9973,late,0.0552,0.1892,0.7556,late,0.0,0.0,1.0,late,0.0,0.0,0.9999,late,0.0011,0.0014,0.9975,late,0.008,0.0058,0.9863,late,0.0123,0.0921,0.8956
C6,250,late,late,0.0,0.0,1.0,late,0.0,0.0,1.0,late,0.0133,0.38,0.6067,late,0.0147,0.4464,0.5389,late,0.0375,0.18,0.7825,late,0.0011,0.0018,0.9971,late,0.0545,0.239,0.7065,late,0.0,0.0,1.0,late,0.0,0.0,0.9999,late,0.0011,0.0014,0.9975,late,0.0083,0.0063,0.9854,late,0.0127,0.0952,0.8921
C6,251,late,late,0.0,0.0,1.0,late,0.0,0.0,1.0,late,0.01,0.37,0.62,late,0.01,0.2496,0.7404,late,0.035,0.155,0.81,late,0.0011,0.0018,0.9971,late,0.0581,0.1643,0.7776,late,0.0,0.0,1.0,late,0.0,0.0,0.9999,late,0.0011,0.0014,0.9975,late,0.008,0.0058,0.9863,late,0.0124,0.0921,0.8955
C6,252,late,late,0.0,0.0,1.0,late,0.0,0.0,1.0,late,0.0133,0.3767,0.61,late,0.0122,0.3561,0.6317,late,0.0375,0.16,0.8025,late,0.0011,0.0018,0.9971,late,0.0565,0.2079,0.7356,late,0.0,0.0,1.0,late,0.0,0.0,0.9999,late,0.0011,0.0014,0.9975,late,0.0081,0.0058,0.9861,late,0.0125,0.0927,0.8948
C6,253,late,late,0.0,0.0,1.0,late,0.0,0.0,1.0,late,0.0133,0.3633,0.6233,late,0.0151,0.5232,0.4617,late,0.05,0.16,0.79,late,0.0011,0.0018,0.9971,late,0.0596,0.2488,0.6915,late,0.0,0.0,1.0,late,0.0,0.0,0.9999,late,0.0011,0.0014,0.9975,late,0.008,0.0057,0.9863,late,0.0123,0.0919,0.8958
C6,254,late,late,0.0,0.0,1.0,late,0.0,0.0,1.0,late,0.0133,0.33,0.6567,late,0.0103,0.3052,0.6845,late,0.05,0.1525,0.7975,late,0.001,0.0017,0.9973,late,0.0625,0.1651,0.7724,late,0.0,0.0,1.0,late,0.0,0.0,0.9999,late,0.0011,0.0014,0.9975,late,0.0081,0.006,0.9859,late,0.0125,0.0939,0.8936
C6,255,late,late,0.0,0.0,1.0,late,0.0,0.0,1.0,late,0.0133,0.3433,0.6433,late,0.0152,0.4636,0.5212,late,0.0525,0.16,0.7875,late,0.0011,0.0018,0.9971,late,0.0608,0.2497,0.6894,late,0.0,0.0,1.0,late,0.0,0.0,0.9999,late,0.0011,0.0014,0.9975,late,0.0079,0.0057,0.9864,late,0.0123,0.0915,0.8962
C6,256,late,late,0.0,0.0,1.0,late,0.0,0.0,1.0,late,0.0133,0.37,0.6167,late,0.0132,0.3866,0.6003,late,0.0525,0.15,0.7975,late,0.0011,0.0017,0.9972,late,0.0611,0.2219,0.717,late,0.0,0.0,1.0,late,0.0,0.0,0.9999,late,0.0011,0.0014,0.9975,late,0.008,0.0057,0.9863,late,0.0123,0.092,0.8957
C6,257,late,late,0.0,0.0,1.0,late,0.0,0.0,1.0,late,0.0133,0.34,0.6467,late,0.0069,0.0602,0.9329,late,0.0325,0.0425,0.925,late,0.0011,0.0016,0.9973,late,0.0356,0.0151,0.9493,late,0.0,0.0,1.0,late,0.0,0.0,0.9999,late,0.0011,0.0014,0.9975,late,0.0079,0.0056,0.9865,late,0.0122,0.0913,0.8965
C6,258,late,late,0.0,0.0,1.0,late,0.0,0.0,1.0,late,0.0133,0.3267,0.66,late,0.0068,0.082,0.9112,late,0.0175,0.055,0.9275,late,0.0011,0.0017,0.9972,late,0.0603,0.0798,0.8599,late,0.0,0.0,1.0,late,0.0,0.0,0.9999,late,0.0011,0.0014,0.9975,late,0.0078,0.0054,0.9868,late,0.0122,0.0901,0.8977
C6,259,late,late,0.0,0.0,1.0,late,0.0,0.0,1.0,late,0.0133,0.33,0.6567,late,0.0053,0.0553,0.9393,late,0.03,0.0425,0.9275,late,0.0011,0.0016,0.9974,late,0.0596,0.0789,0.8615,late,0.0,0.0,1.0,late,0.0,0.0,0.9999,late,0.0011,0.0014,0.9975,late,0.0078,0.0054,0.9868,late,0.0122,0.09,0.8978
C6,260,late,late,0.0,0.0,1.0,late,0.0,0.0,1.0,late,0.0133,0.3367,0.65,late,0.0062,0.0682,0.9257,late,0.0325,0.0425,0.925,late,0.0011,0.0016,0.9973,late,0.0617,0.0895,0.8487,late,0.0,0.0,1.0,late,0.0,0.0,0.9999,late,0.0011,0.0014,0.9975,late,0.0078,0.0054,0.9868,late,0.0122,0.0896,0.8982
C6,261,late,late,0.0,0.0,1.0,late,0.0,0.0,1.0,late,0.0133,0.35,0.6367,late,0.0073,0.0961,0.8965,late,0.0325,0.0425,0.925,late,0.0011,0.0016,0.9972,late,0.0622,0.1009,0.837,late,0.0,0.0,1.0,late,0.0,0.0,0.9999,late,0.0011,0.0014,0.9976,late,0.0077,0.0053,0.9869,late,0.0121,0.0892,0.8987
C6,262,late,late,0.0,0.0,1.0,late,0.0,0.0,1.0,late,0.0133,0.37,0.6167,late,0.0075,0.1171,0.8754,late,0.0325,0.05,0.9175,late,0.0012,0.0016,0.9972,late,0.0656,0.1179,0.8166,late,0.0,0.0,1.0,late,0.0,0.0,0.9999,late,0.0011,0.0014,0.9976,late,0.0077,0.0053,0.9869,late,0.0121,0.0892,0.8987
C6,263,late,late,0.0,0.0,1.0,late,0.0,0.0,1.0,late,0.0133,0.37,0.6167,late,0.0082,0.1281,0.8637,late,0.035,0.0525,0.9125,late,0.0012,0.0016,0.9972,late,0.0644,0.1062,0.8294,late,0.0,0.0,1.0,late,0.0,0.0,0.9999,late,0.0011,0.0013,0.9976,late,0.0077,0.0053,0.987,late,0.0121,0.0889,0.899
C6,264,late,late,0.0,0.0,1.0,late,0.0,0.0,1.0,late,0.0133,0.37,0.6167,late,0.0089,0.1539,0.8373,late,0.0325,0.06,0.9075,late,0.0012,0.0016,0.9972,late,0.0834,0.1297,0.7869,late,0.0,0.0,1.0,late,0.0,0.0,0.9999,late,0.0011,0.0013,0.9976,late,0.0077,0.0053,0.987,late,0.0121,0.0889,0.899
C6,265,late,late,0.0,0.0,1.0,late,0.0,0.0,1.0,late,0.0167,0.38,0.6033,late,0.009,0.1521,0.8389,late,0.0425,0.1125,0.845,late,0.0012,0.0016,0.9972,late,0.0691,0.1219,0.809,late,0.0,0.0,1.0,late,0.0,0.0,0.9999,late,0.0011,0.0013,0.9976,late,0.0077,0.0053,0.9871,late,0.0121,0.0884,0.8996
C6,266,late,late,0.0,0.0,1.0,late,0.0,0.0,1.0,late,0.02,0.3967,0.5833,late,0.0108,0.2341,0.7551,late,0.0425,0.1275,0.83,late,0.0013,0.0017,0.997,late,0.0721,0.1666,0.7613,late,0.0,0.0,1.0,late,0.0,0.0,0.9999,late,0.0011,0.0013,0.9976,late,0.0077,0.0053,0.987,late,0.0121,0.0885,0.8993
C6,267,late,late,0.0,0.0,1.0,late,0.0,0.0,1.0,late,0.0167,0.3567,0.6267,late,0.01,0.2384,0.7517,late,0.0425,0.13,0.8275,late,0.0012,0.0016,0.9971,late,0.089,0.1348,0.7762,late,0.0,0.0,1.0,late,0.0,0.0,0.9999,late,0.0011,0.0013,0.9976,late,0.0078,0.0052,0.987,late,0.0122,0.0885,0.8993
C6,268,late,late,0.0,0.0,1.0,late,0.0,0.0,1.0,late,0.0133,0.2867,0.7,late,0.0634,0.5227,0.4139,late,0.0175,0.0725,0.91,late,0.0012,0.0017,0.997,late,0.2433,0.2545,0.5022,late,0.0,0.0,1.0,late,1e-04,1e-04,0.9999,late,0.0011,0.0013,0.9976,late,0.0081,0.0054,0.9866,late,0.0125,0.0904,0.8971
C6,269,late,late,0.0,0.0,1.0,late,0.0,0.0,1.0,late,0.0167,0.3467,0.6367,late,0.0224,0.1702,0.8074,late,0.0425,0.125,0.8325,late,0.0012,0.0016,0.9972,late,0.0485,0.1738,0.7777,late,0.0,0.0,1.0,late,0.0,0.0,0.9999,late,0.0011,0.0014,0.9976,late,0.0078,0.0053,0.9869,late,0.0122,0.089,0.8988
C6,270,late,late,0.0,0.0,1.0,late,0.0,0.0,1.0,late,0.0133,0.3367,0.65,late,0.0078,0.1484,0.8438,late,0.04,0.1125,0.8475,late,0.0012,0.0016,0.9972,late,0.0703,0.1212,0.8085,late,0.0,0.0,1.0,late,0.0,0.0,0.9999,late,0.0011,0.0014,0.9975,late,0.008,0.0054,0.9867,late,0.0124,0.0899,0.8977
C6,271,late,late,0.0,0.0,1.0,late,0.0,0.0,1.0,late,0.0233,0.3567,0.62,late,0.0106,0.1803,0.8091,late,0.0425,0.135,0.8225,late,0.0012,0.0017,0.9971,late,0.0701,0.1394,0.7905,late,0.0,0.0,1.0,late,0.0,0.0,0.9999,late,0.0011,0.0014,0.9975,late,0.0079,0.0054,0.9867,late,0.0123,0.0896,0.8982
C6,272,late,late,0.0,0.0,1.0,late,0.0,0.0,1.0,late,0.02,0.3367,0.6433,late,0.0092,0.1412,0.8496,late,0.0425,0.1175,0.84,late,0.0012,0.0017,0.9971,late,0.0765,0.1241,0.7994,late,0.0,0.0,1.0,late,0.0,0.0,0.9999,late,0.0011,0.0014,0.9975,late,0.008,0.0056,0.9864,late,0.0125,0.0912,0.8963
C6,273,late,late,0.0,0.0,1.0,late,0.0,0.0,1.0,late,0.0233,0.3533,0.6233,late,0.0102,0.1202,0.8696,late,0.04,0.14,0.82,late,0.0012,0.0017,0.9971,late,0.0789,0.1242,0.7969,late,0.0,0.0,1.0,late,0.0,0.0,0.9999,late,0.0011,0.0014,0.9975,late,0.0079,0.0055,0.9866,late,0.0123,0.0902,0.8975
C6,274,late,late,0.0,0.0,1.0,late,0.0,0.0,1.0,late,0.0233,0.38,0.5967,late,0.0167,0.3465,0.6368,late,0.035,0.16,0.805,late,0.0013,0.0019,0.9968,late,0.103,0.2209,0.676,late,0.0,0.0,1.0,late,1e-04,1e-04,0.9999,late,0.0011,0.0014,0.9975,late,0.008,0.0056,0.9864,late,0.0125,0.0911,0.8964
C6,275,late,late,0.0,0.0,1.0,late,0.0,0.0,1.0,late,0.0267,0.41,0.5633,late,0.0177,0.338,0.6443,late,0.035,0.1575,0.8075,late,0.0013,0.0017,0.997,late,0.087,0.2028,0.7103,late,0.0,0.0,1.0,late,1e-04,1e-04,0.9999,late,0.0011,0.0014,0.9975,late,0.008,0.0056,0.9864,late,0.0124,0.091,0.8966
C6,276,late,late,0.0,0.0,1.0,late,0.0,0.0,1.0,late,0.0267,0.4033,0.57,late,0.0202,0.4057,0.5741,late,0.0375,0.18,0.7825,late,0.0013,0.0018,0.997,late,0.1005,0.2123,0.6871,late,0.0,0.0,1.0,late,1e-04,1e-04,0.9999,late,0.0011,0.0014,0.9975,late,0.0082,0.0058,0.986,late,0.0126,0.0924,0.895
C6,277,late,late,0.0,0.0,1.0,late,0.0,0.0,1.0,late,0.0267,0.3767,0.5967,late,0.02,0.3361,0.6439,late,0.0525,0.185,0.7625,late,0.0014,0.0018,0.9968,late,0.112,0.2061,0.6819,late,0.0,0.0,1.0,late,1e-04,1e-04,0.9998,late,0.0011,0.0014,0.9975,late,0.0081,0.0057,0.9862,late,0.0126,0.0917,0.8958
C6,278,late,late,0.0,0.0,1.0,late,0.0,0.0,1.0,late,0.0267,0.3433,0.63,late,0.0248,0.4789,0.4963,late,0.0575,0.245,0.6975,late,0.0014,0.002,0.9966,late,0.1264,0.2808,0.5928,late,0.0,0.0,1.0,late,1e-04,1e-04,0.9998,late,0.0011,0.0014,0.9975,late,0.0084,0.0059,0.9858,late,0.0128,0.0929,0.8943
C6,279,late,late,0.0,0.0,1.0,late,0.0,0.0,1.0,late,0.03,0.2433,0.7267,middle,0.1433,0.5607,0.296,late,0.05,0.1525,0.7975,late,0.0119,0.0093,0.9788,middle,0.3515,0.3884,0.2601,late,0.0,0.0,1.0,late,0.0003,0.0004,0.9993,late,0.0012,0.0015,0.9973,late,0.0093,0.0063,0.9844,late,0.0138,0.0975,0.8886
C6,280,late,late,0.0,0.0,1.0,late,0.0,0.0,1.0,late,0.0233,0.3633,0.6133,late,0.1219,0.5105,0.3675,late,0.0525,0.215,0.7325,late,0.0014,0.0019,0.9967,middle,0.0409,0.5968,0.3623,late,0.0,0.0,1.0,late,0.0002,0.0002,0.9995,late,0.0011,0.0015,0.9974,late,0.0084,0.006,0.9855,late,0.0129,0.0935,0.8936
C6,281,late,late,0.0,0.0,1.0,late,0.0,0.0,1.0,late,0.0267,0.3367,0.6367,late,0.0245,0.4178,0.5577,late,0.045,0.205,0.75,late,0.0014,0.0019,0.9968,late,0.1125,0.2452,0.6423,late,0.0,0.0,1.0,late,1e-04,0.0002,0.9997,late,0.0011,0.0014,0.9974,late,0.0089,0.0062,0.9849,late,0.0134,0.0955,0.8911
C6,282,late,late,0.0,0.0,1.0,late,0.0,0.0,1.0,late,0.0267,0.3067,0.6667,late,0.0224,0.2454,0.7322,late,0.05,0.2,0.75,late,0.0014,0.0019,0.9967,late,0.1262,0.2018,0.672,late,0.0,0.0,1.0,late,1e-04,1e-04,0.9998,late,0.0011,0.0014,0.9974,late,0.0087,0.0062,0.9851,late,0.0131,0.0946,0.8922
C6,283,late,late,0.0,0.0,1.0,late,0.0,0.0,1.0,late,0.0333,0.3167,0.65,late,0.0282,0.315,0.6568,late,0.065,0.195,0.74,late,0.0014,0.0019,0.9967,late,0.1274,0.2256,0.647,late,0.0,0.0,1.0,late,1e-04,1e-04,0.9998,late,0.0011,0.0014,0.9974,late,0.0093,0.0068,0.9839,late,0.0137,0.0986,0.8877
C6,284,late,late,0.0,0.0,1.0,late,0.0,0.0,1.0,late,0.0367,0.32,0.6433,late,0.0317,0.4742,0.4941,late,0.07,0.2025,0.7275,late,0.0014,0.0021,0.9965,late,0.1289,0.2532,0.6179,late,0.0,0.0,1.0,late,1e-04,1e-04,0.9998,late,0.0011,0.0014,0.9974,late,0.0088,0.0064,0.9848,late,0.0133,0.0963,0.8904
C6,285,late,late,0.0,0.0,1.0,late,0.0,0.0,1.0,late,0.0333,0.3033,0.6633,late,0.028,0.3485,0.6235,late,0.055,0.2075,0.7375,late,0.0014,0.002,0.9966,late,0.1148,0.2189,0.6662,late,0.0,0.0,1.0,late,1e-04,1e-04,0.9998,late,0.0011,0.0014,0.9974,late,0.0091,0.0067,0.9842,late,0.0136,0.0978,0.8886
C6,286,late,late,0.0,0.0,1.0,late,0.0,0.0,1.0,late,0.0367,0.3033,0.66,late,0.0378,0.4773,0.4849,late,0.065,0.2125,0.7225,late,0.0014,0.0019,0.9967,late,0.1205,0.2521,0.6274,late,0.0,0.0,1.0,late,1e-04,1e-04,0.9998,late,0.0011,0.0014,0.9974,late,0.009,0.0066,0.9844,late,0.0135,0.0971,0.8895
C6,287,late,late,0.0,0.0,1.0,late,0.0,0.0,1.0,late,0.03,0.2833,0.6867,late,0.0318,0.4144,0.5537,late,0.0525,0.22,0.7275,late,0.0014,0.0018,0.9968,late,0.1085,0.2258,0.6657,late,0.0,0.0,1.0,late,1e-04,1e-04,0.9998,late,0.0011,0.0014,0.9975,late,0.0094,0.007,0.9836,late,0.0139,0.0997,0.8864
C6,288,late,late,0.0,0.0,1.0,late,0.0,0.0,1.0,late,0.0167,0.31,0.6733,late,0.0294,0.2733,0.6974,late,0.0375,0.1775,0.785,late,0.0014,0.0022,0.9964,late,0.086,0.2097,0.7043,late,0.0,0.0,1.0,late,1e-04,1e-04,0.9999,late,0.0011,0.0014,0.9975,late,0.009,0.0064,0.9846,late,0.0134,0.0962,0.8904
C6,289,late,late,0.0,0.0,1.0,late,0.0,0.0,1.0,late,0.02,0.2533,0.7267,late,0.0157,0.1049,0.8794,late,0.035,0.05,0.915,late,0.0013,0.0021,0.9965,late,0.0362,0.0081,0.9557,late,0.0,0.0,1.0,late,0.0,0.0,0.9999,late,0.0011,0.0014,0.9975,late,0.0088,0.0063,0.9849,late,0.0133,0.0957,0.891
C6,290,late,late,0.0,0.0,1.0,late,0.0,0.0,1.0,late,0.0233,0.2833,0.6933,late,0.0101,0.0278,0.9621,late,0.0475,0.1425,0.81,late,0.0014,0.0022,0.9964,late,0.104,0.0779,0.8181,late,0.0,0.0,1.0,late,0.0,0.0,0.9999,late,0.0011,0.0014,0.9975,late,0.0086,0.006,0.9854,late,0.013,0.0941,0.8928
C6,291,late,late,0.0,0.0,1.0,late,0.0,0.0,1.0,late,0.0233,0.2533,0.7233,late,0.0091,0.028,0.963,late,0.04,0.125,0.835,late,0.0015,0.0021,0.9964,late,0.0945,0.0711,0.8344,late,0.0,0.0,1.0,late,0.0,0.0,0.9999,late,0.0011,0.0014,0.9975,late,0.0084,0.0059,0.9856,late,0.0129,0.0935,0.8936
C6,292,late,late,0.0,0.0,1.0,late,0.0,0.0,1.0,late,0.0233,0.2633,0.7133,late,0.0086,0.0186,0.9728,late,0.0425,0.1175,0.84,late,0.0013,0.0017,0.9969,late,0.0909,0.0639,0.8451,late,0.0,0.0,1.0,late,0.0,0.0,0.9999,late,0.0011,0.0014,0.9975,late,0.0083,0.0058,0.9859,late,0.0128,0.0924,0.8948
C6,293,late,late,0.0,0.0,1.0,late,0.0,0.0,1.0,late,0.0233,0.28,0.6967,late,0.0088,0.0151,0.9761,late,0.0425,0.1,0.8575,late,0.0014,0.0018,0.9968,late,0.0937,0.0572,0.8491,late,0.0,0.0,1.0,late,0.0,0.0,0.9999,late,0.0011,0.0013,0.9976,late,0.0082,0.0056,0.9862,late,0.0126,0.0916,0.8958
C6,294,late,late,0.0,0.0,1.0,late,0.0,0.0,1.0,late,0.0167,0.2733,0.71,late,0.0112,0.0312,0.9575,late,0.04,0.13,0.83,late,0.0013,0.0017,0.9969,late,0.0971,0.088,0.8149,late,0.0,0.0,1.0,late,0.0,0.0,0.9999,late,0.0011,0.0013,0.9976,late,0.0081,0.0055,0.9864,late,0.0125,0.0908,0.8967
C6,295,late,late,0.0,0.0,1.0,late,0.0,0.0,1.0,late,0.0267,0.25,0.7233,late,0.0112,0.0279,0.9609,late,0.045,0.115,0.84,late,0.0014,0.0018,0.9968,late,0.1053,0.0729,0.8218,late,0.0,0.0,1.0,late,0.0,0.0,0.9999,late,0.0011,0.0013,0.9976,late,0.0079,0.0054,0.9867,late,0.0123,0.0897,0.898
C6,296,late,late,0.0,0.0,1.0,late,0.0,0.0,1.0,late,0.0333,0.2733,0.6933,late,0.0216,0.0903,0.8881,late,0.0575,0.1575,0.785,late,0.0014,0.0018,0.9969,late,0.1405,0.1476,0.7118,late,0.0,0.0,1.0,late,0.0,0.0,0.9999,late,0.0011,0.0013,0.9976,late,0.0079,0.0053,0.9868,late,0.0124,0.0893,0.8983
C6,297,late,late,0.0,0.0,1.0,late,0.0,0.0,1.0,late,0.03,0.3,0.67,late,0.0156,0.0415,0.9429,late,0.06,0.1325,0.8075,late,0.0016,0.0023,0.9961,late,0.1209,0.0794,0.7997,late,0.0,0.0,1.0,late,0.0,0.0,0.9999,late,0.0011,0.0013,0.9976,late,0.0079,0.0053,0.9868,late,0.0123,0.0891,0.8986
C6,298,late,late,0.0,0.0,1.0,late,0.0,0.0,1.0,late,0.0267,0.3,0.6733,late,0.0149,0.0604,0.9247,late,0.045,0.115,0.84,late,0.0016,0.0023,0.9961,late,0.118,0.1238,0.7582,late,0.0,0.0,1.0,late,1e-04,0.0,0.9999,late,0.0011,0.0013,0.9976,late,0.0079,0.0052,0.9868,late,0.0124,0.0891,0.8985
C6,299,late,late,0.0,0.0,1.0,late,0.0,0.0,1.0,late,0.0267,0.2767,0.6967,late,0.0236,0.1106,0.8658,late,0.05,0.1475,0.8025,late,0.0017,0.0023,0.996,late,0.1631,0.1443,0.6926,late,0.0,0.0,1.0,late,1e-04,0.0,0.9999,late,0.0011,0.0013,0.9976,late,0.008,0.0052,0.9867,late,0.0125,0.0896,0.8979
C6,300,late,late,0.0,0.0,1.0,late,0.0,0.0,1.0,late,0.03,0.2367,0.7333,late,0.0499,0.3781,0.5719,late,0.045,0.1675,0.7875,late,0.0033,0.0059,0.9907,late,0.2092,0.2226,0.5682,late,0.0,0.0,1.0,late,1e-04,0.0,0.9999,late,0.0011,0.0013,0.9976,late,0.0082,0.0053,0.9866,late,0.0126,0.0901,0.8972
C6,301,late,late,0.0,0.0,1.0,late,0.0,0.0,1.0,late,0.03,0.2167,0.7533,late,0.0099,0.0187,0.9714,late,0.04,0.11,0.85,late,0.0018,0.0027,0.9955,late,0.1214,0.0779,0.8006,late,0.0,0.0,1.0,late,1e-04,0.0,0.9999,late,0.0011,0.0013,0.9976,late,0.0081,0.0053,0.9866,late,0.0126,0.0901,0.8974
C6,302,late,late,0.0,0.0,1.0,late,0.0,0.0,1.0,late,0.0333,0.1867,0.78,late,0.0138,0.0343,0.9519,late,0.04,0.125,0.835,late,0.0019,0.0027,0.9953,late,0.1473,0.0791,0.7736,late,0.0,0.0,1.0,late,1e-04,0.0,0.9999,late,0.0011,0.0013,0.9976,late,0.0082,0.0053,0.9864,late,0.0127,0.0908,0.8965
C6,303,late,late,0.0,0.0,1.0,late,0.0,0.0,1.0,late,0.03,0.2,0.77,late,0.0189,0.0534,0.9278,late,0.04,0.1225,0.8375,late,0.0019,0.0028,0.9953,late,0.1649,0.1071,0.728,late,0.0,0.0,1.0,late,1e-04,0.0,0.9999,late,0.0011,0.0013,0.9976,late,0.0082,0.0054,0.9864,late,0.0127,0.0909,0.8964
C6,304,late,late,0.0,0.0,1.0,late,0.0,0.0,1.0,late,0.0267,0.1967,0.7767,late,0.0204,0.0618,0.9178,late,0.04,0.1075,0.8525,late,0.0019,0.0027,0.9954,late,0.1551,0.1213,0.7237,late,0.0,0.0,1.0,late,1e-04,0.0,0.9999,late,0.0011,0.0013,0.9976,late,0.0083,0.0054,0.9863,late,0.0128,0.0915,0.8957
C6,305,late,late,0.0,0.0,1.0,late,0.0,0.0,1.0,late,0.0167,0.22,0.7633,late,0.0214,0.0786,0.9001,late,0.04,0.1225,0.8375,late,0.0019,0.0027,0.9954,late,0.1267,0.1207,0.7527,late,0.0,0.0,1.0,late,1e-04,0.0,0.9999,late,0.0011,0.0013,0.9976,late,0.0083,0.0054,0.9863,late,0.0127,0.0912,0.896
C6,306,late,late,0.0,0.0,1.0,late,0.0,0.0,1.0,late,0.0233,0.2267,0.75,late,0.02,0.0533,0.9267,late,0.045,0.125,0.83,late,0.002,0.0028,0.9952,late,0.1339,0.0863,0.7798,late,0.0,0.0,1.0,late,1e-04,0.0,0.9999,late,0.0011,0.0013,0.9976,late,0.0084,0.0055,0.9862,late,0.0128,0.0918,0.8954
C6,307,late,late,0.0,0.0,1.0,late,0.0,0.0,1.0,late,0.0267,0.23,0.7433,late,0.033,0.117,0.8499,late,0.0475,0.15,0.8025,late,0.0023,0.0032,0.9945,late,0.1735,0.1444,0.6822,late,0.0,0.0,1.0,late,1e-04,0.0,0.9999,late,0.0011,0.0013,0.9976,late,0.0084,0.0055,0.9862,late,0.0128,0.0918,0.8954
C6,308,late,late,0.0,0.0,1.0,late,0.0,0.0,1.0,late,0.03,0.1967,0.7733,late,0.0313,0.1274,0.8414,late,0.055,0.175,0.77,late,0.0042,0.0066,0.9893,late,0.1575,0.1156,0.7269,late,0.0,0.0,1.0,late,1e-04,0.0,0.9999,late,0.0011,0.0013,0.9976,late,0.0084,0.0055,0.9861,late,0.0129,0.0923,0.8948
C6,309,late,late,0.0,0.0,1.0,late,0.0,0.0,1.0,late,0.0367,0.2233,0.74,late,0.0336,0.108,0.8584,late,0.055,0.1775,0.7675,late,0.0041,0.0067,0.9892,late,0.1825,0.1343,0.6832,late,0.0,0.0,1.0,late,1e-04,0.0,0.9999,late,0.0011,0.0013,0.9976,late,0.0084,0.0055,0.9861,late,0.0129,0.0919,0.8952
C6,310,late,late,0.0,0.0,1.0,late,0.0,0.0,1.0,late,0.0333,0.2033,0.7633,late,0.0367,0.1353,0.8279,late,0.0475,0.15,0.8025,late,0.0036,0.0059,0.9905,late,0.1939,0.142,0.6642,late,0.0,0.0,1.0,late,1e-04,0.0,0.9999,late,0.0011,0.0013,0.9976,late,0.0085,0.0055,0.9861,late,0.0129,0.0922,0.8948
C6,311,late,late,0.0,0.0,1.0,late,0.0,0.0,1.0,late,0.0433,0.3433,0.6133,late,0.0944,0.497,0.4086,late,0.095,0.3,0.605,late,0.201,0.159,0.64,late,0.2456,0.2477,0.5067,late,0.0,0.0,1.0,late,0.0002,1e-04,0.9997,late,0.0011,0.0013,0.9976,late,0.0086,0.0056,0.9858,late,0.0132,0.0932,0.8937
C6,312,late,late,0.0,0.0,1.0,late,0.0,0.0,1.0,late,0.0467,0.2033,0.75,late,0.0448,0.1576,0.7976,late,0.0525,0.15,0.7975,late,0.0036,0.0061,0.9903,late,0.1745,0.1862,0.6392,late,0.0,0.0,1.0,late,1e-04,1e-04,0.9998,late,0.0011,0.0013,0.9976,late,0.0085,0.0055,0.986,late,0.013,0.0923,0.8947
C6,313,late,late,0.0,0.0,1.0,late,0.0,0.0,1.0,late,0.06,0.2033,0.7367,late,0.048,0.1514,0.8006,late,0.0575,0.15,0.7925,late,0.0039,0.0065,0.9895,late,0.2158,0.1499,0.6343,late,0.0,0.0,1.0,late,1e-04,1e-04,0.9998,late,0.0011,0.0013,0.9976,late,0.0087,0.0056,0.9857,late,0.0133,0.0935,0.8932
C6,314,late,late,0.0,0.0,1.0,late,0.0,0.0,1.0,late,0.0567,0.2067,0.7367,late,0.0565,0.2111,0.7324,late,0.0625,0.19,0.7475,late,0.0045,0.0076,0.9879,late,0.209,0.1763,0.6147,late,0.0,0.0,1.0,late,1e-04,1e-04,0.9998,late,0.0011,0.0013,0.9976,late,0.0087,0.0056,0.9857,late,0.0132,0.0935,0.8933
C6,315,late,late,0.0,0.0,1.0,late,0.0,0.0,1.0,late,0.06,0.2167,0.7233,late,0.0656,0.2566,0.6778,late,0.06,0.1925,0.7475,late,0.0082,0.0064,0.9853,late,0.2192,0.1836,0.5972,late,0.0,0.0,1.0,late,0.0002,1e-04,0.9998,late,0.0011,0.0013,0.9976,late,0.009,0.0057,0.9853,late,0.0135,0.0948,0.8917
